,PID,GrLivArea,SalePrice,MSSubClass,MSZoning,LotFrontage,LotArea,Street,Alley,LotShape,LandContour,Utilities,LotConfig,LandSlope,Neighborhood,Condition1,Condition2,BldgType,HouseStyle,OverallQual,OverallCond,YearBuilt,YearRemodAdd,RoofStyle,RoofMatl,Exterior1st,Exterior2nd,MasVnrType,MasVnrArea,ExterQual,ExterCond,Foundation,BsmtQual,BsmtCond,BsmtExposure,BsmtFinType1,BsmtFinSF1,BsmtFinType2,BsmtFinSF2,BsmtUnfSF,TotalBsmtSF,Heating,HeatingQC,CentralAir,Electrical,1stFlrSF,2ndFlrSF,LowQualFinSF,BsmtFullBath,BsmtHalfBath,FullBath,HalfBath,BedroomAbvGr,KitchenAbvGr,KitchenQual,TotRmsAbvGrd,Functional,Fireplaces,FireplaceQu,GarageType,GarageYrBlt,GarageFinish,GarageCars,GarageArea,GarageQual,GarageCond,PavedDrive,WoodDeckSF,OpenPorchSF,EnclosedPorch,3SsnPorch,ScreenPorch,PoolArea,PoolQC,Fence,MiscFeature,MiscVal,MoSold,YrSold,SaleType,SaleCondition,GeoRefNo,Prop_Addr,Latitude,Longitude,RemodScore,MaintenanceNeedScore
267,902402260,1086,55000,70,RM,60.0,11340,Pave,,Reg,Lvl,AllPub,Inside,Gtl,OldTown,Norm,Norm,1Fam,2Story,2,1,1920,1950,Gable,CompShg,AsbShng,AsbShng,,0.0,Fa,3,BrkTil,Fa,3.0,No,Unf,0.0,Unf,0.0,723.0,723.0,GasA,TA,N,SBrkr,723,363,0,0.0,0.0,1,0,2,1,TA,5,Maj1,0,,Detchd,1920.0,Unf,2.0,400.0,Fa,4.0,N,0,24,144,0,0,0,,,,0,11,2008,ConLD,Normal,902402260.0,822 CARROLL AVE,42.02927821,-93.608717,6,3.8
1977,909101070,864,58500,30,RL,45.0,8212,Pave,Grvl,Reg,Lvl,AllPub,Inside,Gtl,Edwards,Norm,Norm,1Fam,1Story,3,3,1914,1950,Gable,CompShg,Stucco,Stucco,,0.0,TA,3,BrkTil,TA,3.0,No,Rec,203.0,Unf,0.0,661.0,864.0,GasA,TA,N,FuseF,864,0,0,1.0,0.0,1,0,2,1,TA,5,Typ,0,,Detchd,1938.0,Unf,1.0,200.0,TA,3.0,Y,0,0,96,0,0,0,,,,0,6,2010,WD ,Normal,909101070.0,2908 WOOD ST,42.02208232,-93.65690512,6,3.6
205,903484080,1484,50000,50,RM,60.0,10320,Pave,Grvl,Reg,Lvl,AllPub,Corner,Gtl,IDOTRR,Artery,Norm,1Fam,1.5Fin,4,1,1910,1950,Gable,CompShg,Wd Sdng,Wd Sdng,,0.0,Fa,3,CBlock,TA,3.0,No,Unf,0.0,Unf,0.0,771.0,771.0,GasA,Fa,Y,SBrkr,866,504,114,0.0,0.0,2,0,3,1,TA,6,Sal,0,,Detchd,1910.0,Unf,1.0,264.0,TA,3.0,N,14,211,0,0,84,0,,,,0,9,2007,COD,Abnorml,903484080.0,1003 LINCOLN WAY,42.02295798,-93.62398131,6,3.6
1050,902301120,1928,137000,190,RM,69.0,9142,Pave,Grvl,Reg,Lvl,AllPub,Inside,Gtl,OldTown,Norm,Norm,2fmCon,2Story,6,8,1910,1950,Gable,CompShg,AsbShng,AsbShng,,0.0,TA,3,Stone,Fa,2.0,No,Unf,0.0,Unf,0.0,1020.0,1020.0,GasA,Gd,N,FuseP,908,1020,0,0.0,0.0,2,0,4,2,Fa,9,Typ,0,,Detchd,1910.0,Unf,1.0,440.0,Po,4.0,Y,0,60,112,0,0,0,,,,0,4,2006,WD ,Normal,902301120.0,820 WILSON AVE,42.02921671,-93.61826257,6,3.5
1622,531477020,841,82000,20,RH,60.0,8400,Pave,,Reg,Lvl,AllPub,Inside,Gtl,SawyerW,Feedr,Norm,1Fam,1Story,4,4,1950,1950,Gable,CompShg,Wd Sdng,AsbShng,,0.0,Fa,3,CBlock,TA,3.0,No,Unf,0.0,Unf,0.0,721.0,721.0,GasA,Gd,Y,SBrkr,841,0,0,0.0,0.0,1,0,2,1,TA,4,Typ,0,,CarPort,1950.0,Unf,1.0,294.0,TA,2.0,N,250,0,24,0,0,0,,,,0,9,2009,WD ,Normal,531477020.0,1515 NORTH DAKOTA AVE,42.036558,-93.678898,6,3.4
1801,905480090,1362,96000,50,RL,50.0,7550,Pave,,Reg,Lvl,AllPub,Inside,Gtl,Edwards,Norm,Norm,1Fam,1.5Fin,4,5,1920,1950,Gambrel,CompShg,MetalSd,MetalSd,,0.0,Fa,3,BrkTil,TA,3.0,No,Unf,0.0,Unf,0.0,951.0,951.0,GasW,Fa,N,SBrkr,986,376,0,0.0,0.0,2,0,4,1,TA,7,Typ,0,,Detchd,1920.0,Unf,1.0,280.0,Fa,2.0,P,0,0,0,0,0,0,,MnPrv,,0,3,2007,WD ,Normal,905480090.0,3022 STORY ST,42.02367946,-93.65884227,6,3.4
2373,902106120,1022,89500,30,RM,56.0,4480,Pave,,Reg,Lvl,AllPub,Corner,Gtl,OldTown,Artery,Norm,1Fam,1Story,5,5,1922,1950,Gable,CompShg,AsbShng,AsbShng,,0.0,TA,2,PConc,Fa,3.0,No,LwQ,782.0,Unf,0.0,240.0,1022.0,GasA,TA,N,FuseF,1022,0,0,1.0,0.0,1,0,2,1,Fa,4,Typ,1,Gd,Detchd,1922.0,Unf,1.0,184.0,TA,3.0,N,0,122,20,0,0,0,,MnPrv,,0,2,2007,WD ,Normal,902106120.0,1004 GRAND AVE,42.03142439,-93.62020749,6,3.3000000000000003
520,905480240,1111,95000,50,RL,60.0,9084,Pave,,Reg,Lvl,AllPub,Inside,Gtl,Edwards,Artery,Norm,1Fam,1.5Fin,5,6,1941,1950,Gable,CompShg,VinylSd,VinylSd,,0.0,TA,2,CBlock,TA,3.0,Mn,LwQ,236.0,Rec,380.0,0.0,616.0,GasA,TA,N,SBrkr,616,495,0,0.0,1.0,1,0,3,1,TA,5,Typ,0,,Detchd,1941.0,Unf,1.0,200.0,TA,3.0,Y,48,0,0,0,0,0,,,,0,3,2008,ConLw,Normal,905480240.0,3121 LINCOLN WAY,42.0228406,-93.66017316,6,3.3000000000000003
1336,911226030,864,65000,70,C (all),60.0,9000,Grvl,,Reg,Bnk,AllPub,Inside,Gtl,IDOTRR,Norm,Norm,1Fam,2Story,4,6,1920,1950,Gable,CompShg,MetalSd,MetalSd,,0.0,TA,2,Stone,Fa,3.0,Mn,Unf,0.0,Unf,0.0,592.0,592.0,GasA,Ex,Y,SBrkr,432,432,0,0.0,0.0,1,1,3,1,Fa,5,Min2,0,,Detchd,1920.0,Unf,1.0,216.0,Fa,3.0,N,0,30,160,0,0,0,,,,0,6,2008,WD ,Normal,911226030.0,116 CHERRY AVE,42.02253089,-93.60415665,6,3.3000000000000003
740,911102170,1317,40000,70,C (all),50.0,8500,Pave,Pave,Reg,Lvl,AllPub,Inside,Gtl,IDOTRR,Feedr,Norm,1Fam,2Story,4,4,1920,1950,Gambrel,CompShg,BrkFace,BrkFace,,0.0,TA,3,BrkTil,TA,2.0,No,Unf,0.0,Unf,0.0,649.0,649.0,GasA,TA,N,SBrkr,649,668,0,0.0,0.0,1,0,3,1,TA,6,Typ,0,,Detchd,1920.0,Unf,1.0,250.0,TA,3.0,N,0,54,172,0,0,0,,MnPrv,,0,7,2008,WD ,Normal,911102170.0,208 S WALNUT AVE,42.02140363,-93.61680909,6,3.3000000000000003
371,902109160,1740,122250,50,RM,81.0,7308,Pave,,Reg,Lvl,AllPub,Corner,Gtl,OldTown,Artery,Norm,1Fam,1.5Fin,5,5,1920,1950,Gable,CompShg,WdShing,Wd Shng,,0.0,Fa,3,BrkTil,TA,2.0,No,Rec,360.0,Unf,0.0,576.0,936.0,GasA,Gd,N,FuseA,960,780,0,0.0,0.0,1,0,2,1,Ex,6,Typ,1,Gd,Detchd,1920.0,Unf,1.0,225.0,Fa,3.0,N,0,0,236,0,0,0,,,,0,6,2008,WD ,Normal,902109160.0,926 GRAND AVE,42.03053926,-93.62018698,6,3.3000000000000003
1070,903456060,1077,91000,30,RM,60.0,9786,Pave,,Reg,Lvl,AllPub,Inside,Gtl,IDOTRR,Norm,Norm,1Fam,1Story,3,4,1922,1950,Hip,CompShg,Wd Sdng,Wd Sdng,,0.0,TA,2,BrkTil,TA,3.0,No,Unf,0.0,Unf,0.0,1007.0,1007.0,GasA,Fa,N,SBrkr,1077,0,0,0.0,0.0,1,0,3,1,TA,6,Typ,1,Gd,Detchd,1922.0,Unf,1.0,210.0,TA,3.0,P,0,100,48,0,0,0,,,,0,5,2006,WD ,Normal,903456060.0,107 N RUSSELL AVE,42.02304189,-93.62845121,6,3.3000000000000003
110,904300150,1224,107500,50,RL,72.0,10632,Pave,,IR1,Lvl,AllPub,Inside,Gtl,ClearCr,Norm,Norm,1Fam,1.5Fin,5,3,1917,1950,Gable,CompShg,Wd Sdng,Wd Sdng,,0.0,TA,2,BrkTil,Gd,3.0,No,Unf,0.0,Unf,0.0,689.0,689.0,GasA,Gd,N,SBrkr,725,499,0,0.0,0.0,1,1,3,1,Po,6,Mod,0,,Detchd,1917.0,Unf,1.0,180.0,Fa,3.0,N,0,0,248,0,0,0,,,,0,1,2010,COD,Normal,904300150.0,3021 OAKLAND ST,42.02828956,-93.65878627,6,3.3000000000000003
1102,531479020,784,76000,45,RH,60.0,9000,Pave,,Reg,Lvl,AllPub,Corner,Gtl,SawyerW,Norm,Norm,1Fam,1.5Unf,6,3,1928,1950,Gable,CompShg,Wd Sdng,Wd Sdng,,0.0,TA,2,BrkTil,Fa,3.0,No,Unf,0.0,Unf,0.0,784.0,784.0,GasA,TA,N,FuseA,784,0,0,0.0,0.0,1,0,2,1,TA,5,Typ,0,,Detchd,1950.0,Unf,2.0,360.0,Fa,3.0,N,0,0,91,0,0,0,,,,0,10,2009,WD ,Normal,531479020.0,4603 HUTCHISON ST,42.03529173,-93.68036486,6,3.3000000000000003
1902,902305090,1774,87000,70,RM,60.0,9600,Pave,Grvl,Reg,Lvl,AllPub,Inside,Gtl,OldTown,Norm,Norm,1Fam,2Story,4,2,1900,1950,Gable,CompShg,AsbShng,Stucco,,0.0,TA,2,BrkTil,TA,3.0,No,Unf,0.0,Unf,0.0,1095.0,1095.0,GasW,Fa,N,SBrkr,1095,679,0,1.0,0.0,2,0,4,2,TA,8,Min2,0,,2Types,1920.0,Unf,3.0,779.0,Fa,3.0,N,0,0,90,0,0,0,,,,0,5,2006,WD ,Normal,902305090.0,712 CLARK AVE,42.02808698,-93.61685259,6,3.3000000000000003
1233,904301375,904,61000,30,RL,,10020,Pave,,IR1,Low,AllPub,Inside,Sev,Edwards,Norm,Norm,1Fam,1Story,1,1,1922,1950,Gable,CompShg,Wd Sdng,Wd Sdng,,0.0,Fa,3,BrkTil,Fa,4.0,Gd,BLQ,350.0,Unf,0.0,333.0,683.0,GasA,Gd,N,FuseA,904,0,0,1.0,0.0,0,1,1,1,Fa,4,Maj1,0,,,,,0.0,0.0,,0.0,Y,0,0,0,0,0,0,,,,0,3,2009,WD ,Normal,904301375.0,520 FOREST GLEN,42.02747756,-93.6603139,6,3.3
2574,903205040,952,121000,30,RL,,8854,Pave,,Reg,Lvl,AllPub,Inside,Gtl,BrkSide,Norm,Norm,1Fam,1.5Unf,6,6,1916,1950,Gable,CompShg,Wd Sdng,Wd Sdng,,0.0,TA,2,BrkTil,TA,2.0,No,Unf,0.0,Unf,0.0,952.0,952.0,Grav,Fa,N,FuseF,952,0,0,0.0,0.0,1,0,2,1,Fa,4,Typ,1,Gd,Detchd,1916.0,Unf,1.0,192.0,Fa,4.0,P,0,98,0,0,40,0,,,,0,5,2009,WD ,Normal,903205040.0,1021 RIDGEWOOD AVE,42.03210178,-93.62637284,6,3.2
579,909250160,789,96500,45,RL,55.0,10594,Pave,,Reg,Lvl,AllPub,Inside,Gtl,Crawfor,Norm,Norm,1Fam,1.5Unf,5,5,1926,1950,Gable,CompShg,Wd Sdng,Wd Sdng,,0.0,TA,2,BrkTil,TA,2.0,No,Unf,0.0,Unf,0.0,768.0,768.0,Grav,Fa,N,SBrkr,789,0,0,0.0,0.0,1,0,2,1,TA,5,Typ,0,,Detchd,1926.0,Unf,1.0,200.0,Po,4.0,Y,0,0,112,0,0,0,,MnPrv,,0,6,2007,WD ,Normal,909250160.0,2321 BAKER ST,42.01804635,-93.64690039,6,3.2
1033,905480210,1510,108000,70,RL,60.0,9084,Pave,,Reg,Lvl,AllPub,Inside,Gtl,Edwards,Artery,Norm,1Fam,2Story,4,5,1940,1950,Gable,CompShg,MetalSd,MetalSd,,0.0,TA,2,CBlock,TA,2.0,Mn,Unf,0.0,Unf,0.0,755.0,755.0,GasA,TA,Y,SBrkr,755,755,0,1.0,0.0,1,0,4,1,TA,7,Typ,1,Gd,Detchd,1940.0,Unf,1.0,296.0,Fa,4.0,P,120,0,0,0,0,0,,MnPrv,,0,10,2009,WD ,Normal,905480210.0,3107 LINCOLN WAY,42.02283947,-93.66007305,6,3.2
510,904351240,1112,63000,50,RL,60.0,9780,Pave,,Reg,Lvl,AllPub,Inside,Gtl,Edwards,Norm,Norm,1Fam,1.5Fin,5,3,1934,1950,Gable,CompShg,MetalSd,MetalSd,,0.0,TA,2,PConc,TA,2.0,No,Unf,0.0,Unf,0.0,585.0,585.0,GasA,TA,N,FuseA,687,425,0,1.0,0.0,2,0,4,1,TA,6,Typ,0,,Detchd,1934.0,Unf,1.0,226.0,Po,4.0,N,0,0,0,0,0,0,,,,0,3,2009,WD ,Normal,904351240.0,122 HOWARD AVE,42.02304641,-93.65834769,6,3.2
2067,903455030,1308,120000,50,RM,,10320,Pave,Grvl,Reg,Lvl,AllPub,Inside,Gtl,IDOTRR,Norm,Norm,1Fam,1.5Fin,5,6,1915,1978,Gable,CompShg,HdBoard,HdBoard,,0.0,TA,3,BrkTil,TA,3.0,No,Unf,0.0,Unf,0.0,880.0,880.0,GasA,Gd,Y,SBrkr,880,428,0,0.0,0.0,2,0,2,1,TA,6,Typ,0,,Detchd,1950.0,Unf,2.0,400.0,Fa,3.0,Y,0,0,117,0,0,0,,,,0,4,2008,WD ,Normal,903455030.0,1118 N 3RD ST,42.02511612,-93.6261432,4,3.1999999999999997
978,535382020,2414,160000,190,RL,60.0,10800,Pave,,Reg,Lvl,AllPub,Corner,Gtl,OldTown,Norm,Norm,2fmCon,1.5Fin,5,4,1900,1970,Gable,CompShg,Wd Sdng,Wd Sdng,,0.0,TA,3,CBlock,TA,3.0,No,BLQ,664.0,Unf,0.0,290.0,954.0,GasA,TA,N,FuseA,1766,648,0,0.0,0.0,2,0,3,2,TA,10,Mod,1,Gd,Attchd,1970.0,Unf,2.0,520.0,TA,3.0,N,142,0,0,0,0,0,,,,0,5,2006,ConLD,Normal,535382020.0,1327 DOUGLAS AVE,42.03524364,-93.61244364,4,3.1999999999999997
427,902207130,832,12789,30,RM,68.0,9656,Pave,,Reg,Lvl,AllPub,Inside,Gtl,OldTown,Norm,Norm,1Fam,1Story,2,2,1923,1970,Gable,CompShg,AsbShng,AsbShng,,0.0,TA,3,BrkTil,Fa,3.0,No,Unf,0.0,Unf,0.0,678.0,678.0,GasA,TA,N,SBrkr,832,0,0,0.0,0.0,1,0,2,1,TA,5,Typ,1,Gd,Detchd,1928.0,Unf,2.0,780.0,Fa,3.0,N,0,0,0,0,0,0,,,,0,6,2010,WD ,Abnorml,902207130.0,931 MAXWELL AVE,42.0304753,-93.60682805,4,3.1999999999999997
1206,903231010,1539,141500,50,RM,51.0,6120,Pave,,Reg,Lvl,AllPub,Corner,Gtl,BrkSide,Norm,Norm,1Fam,1.5Fin,5,6,1936,1950,Gable,CompShg,Wd Sdng,Wd Sdng,,0.0,TA,3,BrkTil,TA,2.0,No,Unf,0.0,Unf,0.0,927.0,927.0,GasA,TA,Y,SBrkr,1067,472,0,0.0,0.0,1,1,3,1,TA,5,Typ,0,,Detchd,1995.0,Unf,2.0,576.0,TA,2.0,Y,112,0,0,0,0,0,,MnPrv,,0,4,2009,WD ,Normal,903231010.0,1125 MARSTON AVE,42.03248908,-93.62368516,6,3.1
85,903227090,1412,132500,50,RM,50.0,6000,Pave,,Reg,Lvl,AllPub,Inside,Gtl,BrkSide,Norm,Norm,1Fam,1.5Fin,6,6,1939,1950,Gable,CompShg,MetalSd,MetalSd,,0.0,TA,3,CBlock,TA,2.0,No,Unf,0.0,Unf,0.0,780.0,780.0,GasA,Ex,Y,FuseF,825,587,0,0.0,0.0,1,0,4,1,TA,6,Typ,1,Gd,Detchd,1939.0,Unf,1.0,280.0,TA,2.0,Y,45,0,0,0,0,0,,,,0,5,2009,WD ,Normal,903227090.0,1206 MARSTON AVE,42.03345547,-93.62348414,6,3.1
1800,904100030,1422,137500,50,RL,82.0,12375,Pave,,Reg,Lvl,AllPub,Inside,Gtl,Sawyer,Feedr,Norm,1Fam,1.5Fin,5,5,1951,1951,Gable,CompShg,HdBoard,HdBoard,Stone,41.0,TA,3,CBlock,TA,2.0,No,BLQ,329.0,Unf,0.0,477.0,806.0,GasA,TA,Y,SBrkr,1081,341,0,1.0,0.0,1,0,3,1,TA,7,Typ,1,TA,Detchd,1951.0,Unf,1.0,288.0,TA,2.0,Y,0,0,0,0,0,0,,GdWo,,0,6,2006,WD ,Normal,904100030.0,2912 ONTARIO ST,42.03440626,-93.65711293,6,3.1
1550,909175080,438,60000,30,RL,60.0,8400,Pave,,Reg,Bnk,AllPub,Inside,Gtl,SWISU,Norm,Norm,1Fam,1Story,2,5,1920,1950,Gable,CompShg,Wd Sdng,Wd Sdng,,0.0,TA,2,CBlock,TA,3.0,No,Rec,290.0,Unf,0.0,0.0,290.0,GasA,TA,N,FuseF,438,0,0,0.0,0.0,1,0,1,1,Fa,3,Typ,0,,Detchd,1930.0,Unf,1.0,246.0,TA,2.0,N,0,0,0,0,0,0,,,,0,1,2009,WD ,Normal,909175080.0,507 HAYWARD AVE,42.01745576,-93.651822,6,3.1
801,908225320,1487,113000,50,RL,52.0,8741,Pave,,Reg,Lvl,AllPub,Inside,Gtl,Edwards,Norm,Norm,1Fam,1.5Fin,6,4,1945,1950,Gable,CompShg,VinylSd,VinylSd,,0.0,TA,2,CBlock,TA,3.0,No,LwQ,94.0,Unf,0.0,641.0,735.0,GasA,TA,Y,FuseA,798,689,0,0.0,0.0,1,1,3,1,TA,7,Typ,1,Gd,Detchd,1949.0,Unf,1.0,220.0,TA,2.0,Y,0,140,0,0,0,0,,MnPrv,,0,4,2010,WD ,Normal,908225320.0,148 S FRANKLIN AVE,42.02170541,-93.66465473,6,3.1
2550,535450220,1082,119200,20,RL,60.0,11664,Pave,,Reg,Lvl,AllPub,Inside,Gtl,NAmes,Artery,Norm,1Fam,1Story,6,5,1948,1950,Gable,CompShg,MetalSd,MetalSd,BrkFace,206.0,TA,2,CBlock,TA,3.0,No,BLQ,336.0,Unf,0.0,746.0,1082.0,GasA,TA,Y,SBrkr,1082,0,0,0.0,0.0,1,0,2,1,TA,5,Typ,1,Gd,Detchd,1948.0,Unf,1.0,240.0,TA,2.0,Y,0,130,0,0,0,0,,,,0,11,2007,WD ,Normal,535450220.0,1416 DUFF AVE,42.03599737,-93.61057741,6,3.1
1055,909281020,1355,140000,190,RL,79.0,6221,Pave,,IR1,Lvl,AllPub,Inside,Gtl,Crawfor,Norm,Norm,2fmCon,1.5Fin,5,5,1941,1950,Gable,CompShg,VinylSd,VinylSd,,0.0,TA,2,CBlock,TA,3.0,No,LwQ,533.0,Unf,0.0,195.0,728.0,GasA,Ex,Y,SBrkr,760,595,0,0.0,0.0,2,0,3,1,TA,5,Typ,0,,Detchd,1966.0,Unf,2.0,528.0,TA,2.0,Y,0,0,0,0,144,0,,MnPrv,,0,10,2007,WD ,Normal,909281020.0,2010 KILDEE ST,42.01748201,-93.63969279,6,3.1
1025,903233180,1367,127500,50,RM,52.0,6240,Pave,,Reg,Lvl,AllPub,Inside,Gtl,BrkSide,Norm,Norm,1Fam,1.5Fin,6,6,1931,1950,Gable,CompShg,Wd Sdng,Wd Sdng,,0.0,TA,2,BrkTil,TA,3.0,No,LwQ,425.0,Unf,0.0,459.0,884.0,GasA,TA,Y,FuseA,959,408,0,0.0,0.0,1,0,3,1,TA,6,Typ,1,Gd,Detchd,1978.0,Unf,1.0,560.0,TA,2.0,Y,0,0,0,0,120,0,,,,0,11,2007,WD ,Normal,903233180.0,1020 ROOSEVELT AVE,42.03158218,-93.62236943,6,3.1
1065,903205085,1167,144000,30,RL,98.0,8731,Pave,,IR1,Lvl,AllPub,Inside,Gtl,BrkSide,Norm,Norm,1Fam,1Story,5,5,1920,1950,Gable,CompShg,Stucco,Stucco,,0.0,TA,3,BrkTil,TA,2.0,No,BLQ,645.0,Unf,0.0,270.0,915.0,GasA,TA,Y,SBrkr,1167,0,0,0.0,0.0,1,0,3,1,TA,6,Maj1,1,Gd,Detchd,1972.0,Unf,2.0,495.0,TA,2.0,Y,0,0,216,0,126,0,,,,0,5,2007,WD ,Normal,903205085.0,1010 BROOKRIDGE AVE,42.03215359,-93.62723363,6,3.1
1922,902134060,1376,96900,70,RM,42.0,7614,Pave,Grvl,Reg,Lvl,AllPub,Inside,Mod,OldTown,Norm,Norm,1Fam,2Story,3,5,1905,1950,Gable,CompShg,MetalSd,MetalSd,,0.0,TA,2,BrkTil,TA,3.0,Mn,Unf,0.0,Unf,0.0,738.0,738.0,GasA,Gd,Y,FuseA,714,662,0,0.0,0.0,1,0,2,1,TA,7,Typ,0,,Detchd,1930.0,Unf,1.0,216.0,TA,2.0,N,0,0,104,0,225,0,,,,0,3,2006,WD ,Normal,902134060.0,909 KELLOGG AVE,42.03037053,-93.61394578,6,3.1
2230,903450060,1818,169500,50,RM,,7758,Pave,,Reg,Lvl,AllPub,Corner,Gtl,IDOTRR,Norm,Norm,1Fam,1.5Fin,7,4,1931,1950,Gable,CompShg,Stucco,Stucco,BrkFace,600.0,TA,3,PConc,TA,2.0,No,LwQ,224.0,Unf,0.0,816.0,1040.0,GasA,Ex,Y,FuseF,1226,592,0,0.0,0.0,1,1,4,1,TA,7,Typ,2,TA,Detchd,1951.0,Unf,1.0,240.0,TA,2.0,Y,0,0,0,0,184,0,,,,0,6,2007,WD ,Normal,903450060.0,303 N RUSSELL AVE,42.02534759,-93.6284865,6,3.1
562,903236040,1072,126500,30,RM,50.0,8635,Pave,,Reg,Lvl,AllPub,Inside,Gtl,BrkSide,Norm,Norm,1Fam,1Story,5,5,1925,1950,Hip,CompShg,Wd Sdng,Wd Sdng,,0.0,TA,3,BrkTil,TA,2.0,No,LwQ,134.0,Unf,0.0,938.0,1072.0,GasA,TA,Y,SBrkr,1072,0,0,1.0,0.0,1,0,2,1,TA,5,Typ,0,,Detchd,1982.0,Unf,5.0,1184.0,Fa,2.0,P,0,0,105,0,0,0,,,,0,8,2009,WD ,Normal,903236040.0,720 10TH ST,42.03119947,-93.6206391,6,3.1
1962,903457040,2180,161000,50,RM,60.0,10320,Pave,Grvl,Reg,Lvl,AllPub,Inside,Gtl,IDOTRR,Norm,Norm,1Fam,1.5Fin,6,5,1915,1950,Gable,CompShg,MetalSd,MetalSd,,0.0,TA,2,CBlock,TA,3.0,No,LwQ,375.0,Unf,0.0,763.0,1138.0,GasA,Gd,Y,SBrkr,1138,1042,0,0.0,0.0,1,1,3,1,TA,7,Typ,1,Gd,Detchd,2006.0,Unf,2.0,720.0,TA,2.0,N,0,0,170,0,0,0,,,,0,5,2007,WD ,Normal,903457040.0,1212 N 2ND ST,42.02394284,-93.62711896,6,3.1
1524,903451090,1930,149000,70,RM,57.0,6876,Pave,,Reg,Lvl,AllPub,Inside,Gtl,IDOTRR,Norm,Norm,1Fam,2Story,6,5,1927,1950,Gable,CompShg,Plywood,Plywood,,0.0,TA,2,CBlock,TA,3.0,No,BLQ,522.0,Unf,0.0,198.0,720.0,GasA,Fa,Y,SBrkr,1146,784,0,1.0,0.0,2,0,4,1,TA,8,Typ,0,,Attchd,1927.0,Unf,1.0,316.0,TA,2.0,Y,0,0,213,0,0,0,,MnPrv,,0,8,2009,WD ,Normal,903451090.0,308 N RUSSELL AVE,42.02540937,-93.62826717,6,3.1
2498,908226130,924,80000,190,RL,60.0,12180,Pave,,Reg,Lvl,AllPub,Inside,Gtl,Edwards,Norm,Norm,2fmCon,1.5Fin,4,4,1941,1950,Gable,CompShg,MetalSd,MetalSd,,0.0,TA,3,BrkTil,Gd,2.0,No,BLQ,348.0,Unf,0.0,324.0,672.0,Grav,Fa,N,FuseA,672,252,0,1.0,0.0,1,0,2,1,Fa,5,Typ,0,,Detchd,1941.0,Unf,1.0,280.0,TA,2.0,Y,0,0,0,0,0,0,,MnPrv,,0,7,2010,WD ,Normal,908226130.0,3223 LETTIE ST,42.02159549,-93.66032376,6,3.1
2041,905480160,1456,91500,50,RL,50.0,7585,Pave,,Reg,Lvl,AllPub,Inside,Gtl,Edwards,Artery,Norm,1Fam,1.5Fin,5,3,1948,1950,Gable,CompShg,MetalSd,MetalSd,,0.0,TA,2,CBlock,Fa,3.0,Mn,Unf,0.0,Unf,0.0,810.0,810.0,GasA,Fa,Y,FuseA,1002,454,0,1.0,1.0,1,0,4,1,TA,7,Typ,1,TA,Detchd,1954.0,Unf,1.0,280.0,TA,2.0,P,0,0,0,0,0,0,,,,0,8,2006,WD ,Normal,905480160.0,3011 LINCOLN WAY,42.0228344,-93.65938651,6,3.1
2507,903234050,1068,109500,30,RM,51.0,6120,Pave,,Reg,Lvl,AllPub,Inside,Gtl,OldTown,Artery,Norm,1Fam,1Story,6,5,1923,1950,Gable,CompShg,Wd Sdng,Wd Sdng,,0.0,TA,2,BrkTil,Fa,3.0,No,ALQ,960.0,Unf,0.0,164.0,1124.0,GasA,TA,Y,SBrkr,1068,0,0,1.0,0.0,1,0,2,1,TA,5,Typ,1,Gd,Detchd,1923.0,Unf,1.0,288.0,TA,2.0,Y,0,0,128,0,0,0,,,,0,3,2010,WD ,Normal,903234050.0,1115 GRAND AVE,42.03239,-93.62044771,6,3.1
1326,903234220,1582,150000,50,RM,51.0,6120,Pave,,Reg,Lvl,AllPub,Inside,Gtl,BrkSide,Norm,Norm,1Fam,1.5Fin,5,6,1938,1950,Gable,CompShg,Wd Sdng,Wd Sdng,,0.0,TA,2,BrkTil,TA,3.0,No,LwQ,273.0,Unf,0.0,679.0,952.0,GasA,TA,Y,FuseA,994,588,0,0.0,0.0,2,0,3,1,TA,6,Typ,1,Gd,Detchd,1938.0,Unf,1.0,250.0,Fa,2.0,Y,189,0,34,150,0,0,,,,0,2,2009,WD ,Normal,903234220.0,1106 HARDING AVE,42.03234106,-93.62132202,6,3.1
1394,909275250,1550,195000,50,RL,66.0,21780,Pave,,Reg,Lvl,AllPub,Inside,Gtl,Crawfor,Norm,Norm,1Fam,2Story,6,5,1920,1950,Gable,CompShg,Wd Sdng,Wd Shng,,0.0,TA,2,PConc,TA,3.0,No,Unf,0.0,Unf,0.0,817.0,817.0,GasA,Gd,Y,FuseF,940,610,0,0.0,0.0,1,1,3,1,TA,7,Min2,1,TA,Detchd,1937.0,Unf,1.0,318.0,TA,2.0,P,0,0,429,0,0,0,,MnPrv,,0,9,2006,WD ,Normal,909275250.0,430 ASH AVE,42.01868817,-93.64421892,6,3.1
281,903481120,1666,135000,50,RM,60.0,5160,Pave,,Reg,Lvl,AllPub,Corner,Gtl,IDOTRR,Norm,Norm,1Fam,1.5Fin,6,6,1927,1950,Gable,CompShg,MetalSd,MetalSd,,0.0,TA,3,BrkTil,TA,2.0,No,Unf,0.0,Unf,0.0,1204.0,1204.0,GasA,TA,Y,FuseA,1204,462,0,0.0,0.0,1,0,3,1,TA,4,Typ,0,,Detchd,1927.0,Unf,1.0,384.0,Fa,2.0,Y,0,0,148,0,0,0,,,,0,8,2009,WD ,Normal,903481120.0,1027 N 2ND ST,42.02413529,-93.62415224,6,3.1
131,905475510,1298,114000,20,RL,,11200,Pave,,IR1,Lvl,AllPub,CulDSac,Gtl,Edwards,Norm,Norm,1Fam,1Story,5,3,1964,1964,Gable,CompShg,Wd Sdng,Wd Sdng,,0.0,TA,3,CBlock,TA,2.0,Mn,Unf,0.0,Unf,0.0,1250.0,1250.0,GasA,Ex,Y,SBrkr,1298,0,0,0.0,0.0,2,0,3,1,TA,5,Typ,0,,Detchd,1964.0,Unf,2.0,504.0,TA,3.0,N,0,144,0,0,0,0,,,,0,6,2010,COD,Normal,905475510.0,310 COLORADO CIR,42.02508273,-93.66333661,5,3.1
2238,526302110,882,124500,20,RL,74.0,13008,Pave,,IR1,Lvl,AllPub,Inside,Gtl,NAmes,Norm,Norm,1Fam,1Story,6,5,1956,1956,Gable,CompShg,MetalSd,MetalSd,,0.0,TA,2,CBlock,Fa,3.0,No,Rec,564.0,Unf,0.0,318.0,882.0,GasA,TA,Y,SBrkr,882,0,0,0.0,0.0,1,0,2,1,TA,5,Typ,0,,Attchd,1956.0,Unf,1.0,502.0,TA,2.0,Y,0,0,0,0,0,0,,,,0,10,2009,WD ,Normal,526302110.0,623 RIVER OAK DR,42.05284063,-93.6186329,6,3.1
2215,909256020,1288,112000,50,RL,51.0,6191,Pave,,Reg,Lvl,AllPub,Corner,Gtl,SWISU,Norm,Norm,1Fam,1.5Fin,5,4,1941,1950,Gable,CompShg,Wd Sdng,Wd Sdng,,0.0,TA,2,CBlock,Fa,3.0,No,LwQ,384.0,Unf,0.0,440.0,824.0,GasA,TA,N,SBrkr,824,464,0,0.0,0.0,1,0,4,1,TA,6,Typ,0,,Detchd,1941.0,Unf,1.0,240.0,TA,2.0,Y,0,0,0,0,0,0,,,,0,11,2006,WD ,Normal,909256020.0,2342 STORM ST,42.01606471,-93.64728786,6,3.1
169,902111010,844,111500,30,RM,50.0,5633,Pave,Pave,Reg,Lvl,AllPub,Inside,Gtl,OldTown,Norm,Norm,1Fam,1Story,5,7,1925,1950,Gable,CompShg,MetalSd,Stucco,,0.0,TA,2,BrkTil,TA,3.0,No,Unf,0.0,Unf,0.0,844.0,844.0,GasA,TA,Y,SBrkr,844,0,0,0.0,0.0,1,0,2,1,TA,5,Typ,0,,Detchd,1925.0,Unf,1.0,216.0,TA,2.0,N,50,81,123,0,0,0,,,,0,7,2006,WD ,Normal,902111010.0,412 10TH ST,42.03119248,-93.61581118,6,3.1
2350,534477030,2136,137900,20,RL,89.0,10680,Pave,,Reg,Lvl,AllPub,Inside,Gtl,NAmes,Norm,Norm,1Fam,1Story,5,3,1951,1951,Hip,CompShg,Wd Sdng,Wd Sdng,BrkFace,44.0,TA,2,CBlock,TA,3.0,No,LwQ,756.0,Unf,0.0,1380.0,2136.0,GasA,TA,N,FuseA,2136,0,0,0.0,0.0,2,0,4,1,TA,7,Mod,0,,Detchd,1951.0,Unf,2.0,528.0,TA,2.0,Y,0,30,0,0,0,0,,MnPrv,,0,10,2006,WD ,Normal,534477030.0,1531 ROOSEVELT AVE,42.03739597,-93.62268066,6,3.1
2234,534427090,1095,140000,190,RL,75.0,10382,Pave,,Reg,Lvl,AllPub,Inside,Gtl,NAmes,Norm,Norm,2fmCon,SLvl,6,5,1958,1958,Hip,CompShg,HdBoard,HdBoard,BrkFace,105.0,TA,3,CBlock,TA,2.0,Gd,ALQ,513.0,Unf,0.0,75.0,588.0,GasA,TA,Y,SBrkr,1095,0,0,1.0,0.0,1,0,2,1,TA,6,Typ,0,,Attchd,1958.0,RFn,1.0,264.0,TA,2.0,Y,0,0,0,0,0,0,,,,0,3,2006,ConLD,Normal,534427090.0,809 HUNZIKER DR,42.04127677,-93.62179029,6,3.1
2012,911102090,1361,89000,70,C (all),60.0,5280,Pave,,Reg,Lvl,AllPub,Corner,Gtl,IDOTRR,Feedr,Norm,1Fam,2Story,4,7,1895,1950,Gable,CompShg,Wd Sdng,Wd Sdng,,0.0,TA,2,Stone,Po,3.0,No,Unf,0.0,Unf,0.0,173.0,173.0,GasA,Ex,N,SBrkr,825,536,0,0.0,0.0,1,0,2,1,TA,6,Typ,0,,Detchd,1895.0,Unf,1.0,185.0,Fa,2.0,Y,0,123,0,0,0,0,,,,0,7,2008,WD ,Normal,911102090.0,233 WASHINGTON AVE,42.02112145,-93.61545986,6,3.1
140,908102330,1220,102000,20,RL,67.0,8877,Pave,,Reg,Lvl,AllPub,Inside,Gtl,Edwards,Norm,Norm,1Fam,1Story,4,5,1951,1951,Gable,CompShg,Wd Sdng,Wd Sdng,,0.0,TA,2,CBlock,Fa,3.0,No,LwQ,836.0,Unf,0.0,0.0,836.0,GasA,TA,Y,FuseF,1220,0,0,0.0,0.0,1,0,2,1,TA,6,Typ,0,,Detchd,1951.0,Unf,2.0,396.0,TA,2.0,Y,0,0,0,0,0,0,,,,0,4,2006,COD,Normal,908102330.0,301 ABRAHAM DR,42.02034341,-93.67639186,6,3.1
1104,535454070,1385,166000,50,RL,71.0,8520,Pave,,Reg,Lvl,AllPub,Corner,Gtl,NAmes,Artery,Norm,1Fam,1.5Fin,5,4,1952,1952,Gable,CompShg,BrkFace,Wd Sdng,,0.0,TA,3,CBlock,TA,2.0,No,Rec,507.0,Unf,0.0,403.0,910.0,GasA,Fa,Y,SBrkr,910,475,0,0.0,0.0,2,0,4,1,TA,6,Typ,0,,Detchd,2000.0,Unf,2.0,720.0,TA,2.0,Y,0,0,0,0,0,0,,MnPrv,,0,6,2010,WD ,Normal,535454070.0,133 E 13TH ST,42.03462525,-93.61006092,6,3.1
819,909281030,1091,104000,20,RL,79.0,7801,Pave,,IR1,Lvl,AllPub,Corner,Gtl,Crawfor,Feedr,Norm,1Fam,1Story,6,5,1951,1951,Hip,CompShg,WdShing,Plywood,BrkFace,88.0,TA,3,PConc,TA,2.0,No,Rec,500.0,Unf,0.0,591.0,1091.0,GasA,Fa,N,FuseA,1091,0,0,0.0,1.0,1,0,2,1,TA,5,Typ,1,TA,Attchd,1951.0,Fin,1.0,344.0,TA,2.0,Y,66,105,0,0,221,0,,MnPrv,,0,5,2008,WD ,Normal,909281030.0,2006 KILDEE ST,42.0174932,-93.639632,6,3.1
2485,535377070,715,68000,30,RL,60.0,10914,Pave,Grvl,Reg,Lvl,AllPub,Inside,Gtl,NAmes,Artery,Norm,1Fam,1Story,3,3,1929,1950,Hip,CompShg,Wd Sdng,Wd Sdng,,0.0,TA,3,CBlock,TA,2.0,Mn,Unf,0.0,Unf,0.0,715.0,715.0,GasA,Fa,N,FuseP,715,0,0,0.0,0.0,1,0,2,1,TA,4,Typ,0,,Detchd,1967.0,Unf,2.0,660.0,Fa,2.0,N,0,0,75,0,112,0,,,,0,8,2006,WD ,Normal,535377070.0,1507 DUFF AVE,42.0372052,-93.61080818,6,3.1
1419,903426180,1962,149500,50,RM,57.0,8094,Pave,Grvl,Reg,Lvl,AllPub,Inside,Gtl,OldTown,Norm,Norm,1Fam,1.5Fin,4,5,1915,1950,Gable,CompShg,MetalSd,MetalSd,,0.0,TA,3,CBlock,TA,2.0,No,Unf,0.0,Unf,0.0,888.0,888.0,GasA,Ex,Y,SBrkr,888,1074,0,0.0,0.0,1,1,4,1,TA,9,Typ,1,TA,Detchd,1915.0,Unf,2.0,572.0,TA,2.0,Y,160,0,364,0,0,0,,GdPrv,,0,6,2010,WD ,Normal,903426180.0,807 HODGE AVE,42.02899673,-93.62171171,6,3.1
334,909256010,1465,131000,50,RL,84.0,10164,Pave,,Reg,Bnk,AllPub,Inside,Gtl,SWISU,Norm,Norm,1Fam,1.5Fin,5,5,1939,1950,Gable,CompShg,VinylSd,VinylSd,,0.0,TA,2,CBlock,TA,3.0,Av,LwQ,646.0,Unf,0.0,346.0,992.0,GasA,Fa,Y,SBrkr,992,473,0,0.0,0.0,2,0,3,1,TA,6,Typ,2,TA,Detchd,1939.0,Unf,1.0,240.0,TA,2.0,Y,0,126,0,0,0,0,,,,0,7,2006,WD ,Normal,909256010.0,714 STANTON AVE,42.01599771,-93.64837886,6,3.1
1746,903236200,1048,113000,45,RM,58.0,6380,Pave,,Reg,Lvl,AllPub,Inside,Gtl,BrkSide,Norm,Norm,1Fam,1.5Unf,5,6,1922,1950,Gable,CompShg,MetalSd,MetalSd,,0.0,TA,2,BrkTil,TA,3.0,No,Unf,0.0,Unf,0.0,993.0,993.0,GasA,TA,Y,FuseA,1048,0,0,0.0,0.0,1,0,2,1,TA,5,Typ,1,Gd,Detchd,1922.0,Unf,1.0,280.0,TA,2.0,Y,0,0,116,0,0,0,,,,0,8,2006,WD ,Normal,903236200.0,918 ROOSEVELT AVE,42.03046802,-93.62234911,6,3.1
2503,905200380,872,105000,30,RL,,17529,Pave,,Reg,Lvl,AllPub,Inside,Gtl,Sawyer,Norm,Norm,1Fam,1Story,5,5,1924,1950,Gable,CompShg,BrkFace,Wd Sdng,Stone,65.0,TA,2,BrkTil,TA,2.0,No,Unf,0.0,Unf,0.0,872.0,872.0,GasA,Fa,N,FuseF,872,0,0,0.0,0.0,1,0,2,1,Fa,5,Mod,1,Gd,Detchd,1924.0,Unf,1.0,322.0,Fa,3.0,N,0,0,116,0,0,0,,,,0,4,2006,WD ,Normal,905200380.0,3631 ROSS RD,42.0323153,-93.66718052,6,3.0000000000000004
1875,535302120,1866,135000,90,RL,76.0,9482,Pave,,Reg,Lvl,AllPub,Inside,Gtl,NAmes,Norm,Norm,Duplex,1Story,5,4,1958,1958,Hip,CompShg,Wd Sdng,Wd Sdng,BrkFace,657.0,TA,2,PConc,TA,2.0,No,Unf,0.0,Unf,0.0,1866.0,1866.0,GasA,Ex,Y,SBrkr,1866,0,0,0.0,0.0,2,0,4,2,TA,8,Typ,0,,Detchd,1958.0,Unf,2.0,495.0,TA,3.0,Y,0,0,0,0,0,0,,,,0,12,2009,WD ,Normal,535302120.0,419 18TH ST,42.04034122,-93.61594365,6,3.0000000000000004
405,910203250,540,82000,30,RM,58.0,8154,Pave,,Reg,Lvl,AllPub,Inside,Gtl,IDOTRR,Norm,Norm,1Fam,1Story,2,5,1941,1950,Gable,CompShg,Wd Sdng,Wd Sdng,,0.0,TA,2,BrkTil,TA,2.0,No,BLQ,480.0,Unf,0.0,0.0,480.0,GasA,TA,Y,SBrkr,540,0,0,0.0,0.0,1,0,1,1,TA,4,Typ,0,,Detchd,1951.0,Unf,1.0,200.0,Fa,3.0,N,0,0,0,0,0,0,,,,0,4,2010,ConLw,Normal,910203250.0,228 S RIVERSIDE DR,42.02132717,-93.62946068,6,3.0000000000000004
1596,535325290,1005,115000,20,RL,60.0,10434,Pave,,Reg,Lvl,AllPub,Inside,Gtl,NAmes,Norm,Norm,1Fam,1Story,4,5,1955,1955,Gable,CompShg,Plywood,Plywood,,0.0,TA,2,CBlock,TA,2.0,No,Unf,0.0,Unf,0.0,1005.0,1005.0,GasA,TA,Y,SBrkr,1005,0,0,0.0,0.0,1,0,2,1,Fa,5,Typ,1,TA,Detchd,1977.0,Unf,2.0,672.0,Fa,3.0,Y,0,0,0,0,0,0,,,,0,11,2009,WD ,Normal,535325290.0,1611 DOUGLAS AVE,42.03849757,-93.61243712,6,3.0000000000000004
1617,908102290,816,100000,20,RL,67.0,8877,Pave,,Reg,Lvl,AllPub,Inside,Mod,Edwards,Norm,Norm,1Fam,1Story,4,6,1938,1958,Gable,CompShg,MetalSd,MetalSd,,0.0,TA,2,CBlock,TA,2.0,Mn,ALQ,690.0,Unf,0.0,126.0,816.0,GasA,Ex,Y,SBrkr,816,0,0,1.0,0.0,1,0,2,1,TA,3,Typ,1,Gd,Detchd,1958.0,Unf,1.0,288.0,Fa,3.0,Y,0,0,0,0,0,0,,,,0,5,2009,WD ,Normal,908102290.0,207 ABRAHAM DR,42.02110348,-93.67640515,6,3.0000000000000004
586,910205020,1192,78000,70,RM,60.0,6402,Pave,,Reg,Lvl,AllPub,Corner,Gtl,IDOTRR,Norm,Norm,1Fam,2Story,5,5,1920,1950,Gable,CompShg,Wd Sdng,Wd Shng,,0.0,TA,2,PConc,TA,2.0,Mn,Unf,0.0,Unf,0.0,596.0,596.0,GasA,TA,N,SBrkr,596,596,0,0.0,0.0,1,0,3,1,TA,6,Typ,0,,Detchd,1920.0,Unf,1.0,189.0,Fa,3.0,N,0,0,137,0,0,0,,GdWo,,0,7,2009,WD ,Normal,910205020.0,203 S MAPLE AVE,42.02147753,-93.62532922,6,3.0000000000000004
2104,903427120,1768,155000,70,RM,57.0,8094,Pave,Grvl,Reg,Lvl,AllPub,Inside,Gtl,OldTown,Norm,Norm,1Fam,2Story,6,6,1915,1950,Gable,CompShg,MetalSd,MetalSd,,0.0,TA,2,PConc,TA,2.0,No,Unf,0.0,Unf,0.0,1048.0,1048.0,GasA,Gd,Y,FuseA,1048,720,0,0.0,0.0,2,0,3,1,TA,8,Typ,0,,Detchd,1930.0,Unf,2.0,576.0,Fa,3.0,Y,0,0,150,0,0,0,,,,0,6,2009,WD ,Normal,903427120.0,810 HODGE AVE,42.02904622,-93.62149286,6,3.0000000000000004
2551,902305080,2058,129500,75,RM,60.0,9600,Pave,Grvl,Reg,Lvl,AllPub,Inside,Gtl,OldTown,Norm,Norm,1Fam,2.5Unf,6,5,1917,1950,Gable,CompShg,AsbShng,AsbShng,,0.0,TA,2,BrkTil,Gd,2.0,No,Rec,319.0,Unf,0.0,416.0,735.0,OthW,Fa,N,SBrkr,1134,924,0,0.0,0.0,1,1,3,1,TA,8,Typ,1,Gd,Detchd,1950.0,Unf,2.0,396.0,Fa,3.0,P,0,0,259,0,0,0,,,,0,4,2008,WD ,Normal,902305080.0,706 CLARK AVE,42.02803849,-93.6168518,6,3.0000000000000004
568,1007100110,1836,103000,70,I (all),,56600,Pave,,IR1,Low,AllPub,Inside,Gtl,IDOTRR,Norm,Norm,1Fam,2.5Unf,5,1,1900,1950,Hip,CompShg,Wd Sdng,Wd Sdng,,0.0,TA,2,BrkTil,TA,2.0,No,Unf,0.0,Unf,0.0,686.0,686.0,GasA,Ex,Y,SBrkr,1150,686,0,0.0,0.0,2,0,4,1,TA,7,Maj1,0,,Detchd,1900.0,Unf,1.0,288.0,TA,3.0,N,0,0,0,0,0,0,,,,0,1,2008,WD ,Normal,1007100110.0,2520 E LINCOLN WAY,42.02265498,-93.57832729,6,3.0000000000000004
1385,909253010,1913,177000,50,RL,57.0,7558,Pave,,Reg,Bnk,AllPub,Inside,Gtl,Crawfor,Norm,Norm,1Fam,1.5Fin,6,6,1928,1950,Gable,CompShg,BrkFace,Stone,,0.0,TA,2,BrkTil,TA,2.0,No,Unf,0.0,Unf,0.0,896.0,896.0,GasA,Gd,Y,SBrkr,1172,741,0,0.0,0.0,1,1,3,1,TA,9,Typ,1,TA,Detchd,1929.0,Unf,2.0,342.0,Fa,3.0,Y,0,0,0,0,0,0,,,,0,3,2009,WD ,Normal,909253010.0,2332 DONALD ST,42.01693457,-93.64711678,6,3.0000000000000004
1432,902301130,1232,114000,70,RM,35.0,4571,Pave,Grvl,Reg,Lvl,AllPub,Inside,Gtl,OldTown,Norm,Norm,1Fam,2Story,5,7,1910,1950,Gable,CompShg,MetalSd,MetalSd,,0.0,TA,2,BrkTil,TA,2.0,No,BLQ,168.0,Unf,0.0,448.0,616.0,GasA,Ex,Y,SBrkr,616,616,0,0.0,0.0,1,0,3,1,TA,6,Typ,0,,Detchd,1920.0,Unf,2.0,480.0,Fa,3.0,Y,280,0,143,0,0,0,,,,0,6,2007,WD ,Normal,902301130.0,824 WILSON AVE,42.02926186,-93.61826429,6,3.0000000000000004
630,903400030,816,109000,30,RL,50.0,11672,Pave,Pave,IR2,Lvl,AllPub,Inside,Gtl,BrkSide,Norm,Norm,1Fam,1Story,5,5,1925,1950,Gable,CompShg,MetalSd,MetalSd,,0.0,TA,2,BrkTil,TA,2.0,No,Unf,0.0,Unf,0.0,816.0,816.0,GasA,TA,Y,FuseA,816,0,0,0.0,0.0,1,0,2,1,TA,4,Typ,0,,Detchd,1925.0,Unf,1.0,210.0,Fa,3.0,N,168,0,112,0,0,0,,,,0,7,2006,WD ,Normal,903400030.0,829 RIDGEWOOD AVE,42.02949532,-93.62581691,6,3.0000000000000004
221,910202030,816,75200,30,RM,46.0,3672,Pave,,Reg,Lvl,AllPub,Inside,Gtl,IDOTRR,Artery,Norm,1Fam,1Story,5,7,1922,1950,Gable,CompShg,Stucco,Stucco,,0.0,TA,2,BrkTil,TA,2.0,No,Unf,0.0,Unf,0.0,816.0,816.0,GasA,Ex,Y,SBrkr,816,0,0,0.0,0.0,1,0,2,1,TA,5,Typ,0,,Detchd,1922.0,Unf,1.0,100.0,Fa,3.0,N,0,0,96,0,0,0,,,,0,9,2007,WD ,Normal,910202030.0,1108 LINCOLN WAY,42.02279184,-93.6254848,6,3.0000000000000004
301,902427040,1248,87000,50,RM,52.0,9439,Pave,,Reg,Lvl,AllPub,Inside,Gtl,OldTown,Norm,Norm,1Fam,1.5Fin,5,5,1930,1950,Gable,CompShg,Wd Sdng,Wd Sdng,,0.0,TA,2,CBlock,TA,2.0,No,LwQ,324.0,Unf,0.0,588.0,912.0,GasA,Gd,Y,FuseA,912,336,0,0.0,0.0,1,0,2,1,TA,6,Typ,0,,Detchd,1957.0,Unf,1.0,160.0,Fa,3.0,Y,0,0,192,0,0,0,,,,0,3,2007,WD ,Normal,902427040.0,418 E 6TH ST,42.02694852,-93.6048354,6,3.0000000000000004
2151,909101330,498,35000,30,RL,60.0,8088,Pave,Grvl,Reg,Lvl,AllPub,Inside,Gtl,Edwards,Feedr,Norm,1Fam,1Story,2,3,1922,1955,Gable,CompShg,MetalSd,MetalSd,,0.0,TA,2,BrkTil,TA,2.0,No,Unf,0.0,Unf,0.0,498.0,498.0,GasA,TA,N,FuseF,498,0,0,0.0,0.0,1,0,1,1,TA,3,Typ,0,,Detchd,1922.0,Unf,1.0,216.0,Fa,3.0,N,0,0,100,0,0,0,,,,0,2,2006,ConLD,Normal,909101330.0,202 STATE AVE,42.02185706,-93.65901636,6,3.0000000000000004
1402,909250120,1784,138887,70,RL,96.0,13132,Pave,,Reg,Lvl,AllPub,Inside,Gtl,Crawfor,Norm,Norm,1Fam,2Story,5,5,1914,1950,Gable,CompShg,Wd Sdng,Wd Sdng,,0.0,TA,2,BrkTil,Gd,2.0,Mn,Unf,0.0,Unf,0.0,747.0,747.0,GasA,Gd,Y,FuseF,892,892,0,0.0,0.0,1,1,4,1,TA,9,Typ,0,,Detchd,1914.0,Unf,1.0,180.0,Fa,3.0,N,203,40,0,0,0,0,,,,0,7,2006,WD ,Normal,909250120.0,419 LYNN AVE,42.01887222,-93.646474,6,3.0000000000000004
1611,902207110,840,64000,30,RM,48.0,5747,Pave,,Reg,Lvl,AllPub,Inside,Gtl,OldTown,Norm,Norm,1Fam,1Story,3,4,1920,1950,Gable,CompShg,Wd Sdng,Wd Sdng,,0.0,TA,2,PConc,TA,2.0,No,Unf,0.0,Unf,0.0,798.0,798.0,GasA,Gd,Y,SBrkr,840,0,0,0.0,0.0,1,0,2,1,Fa,5,Typ,0,,Detchd,1938.0,Unf,1.0,250.0,TA,3.0,N,112,0,0,0,0,0,,,,0,6,2006,WD ,Normal,902207110.0,1009 MAXWELL AVE,42.03112855,-93.60684207,6,3.0000000000000004
1605,923276250,2432,159000,90,RL,70.0,7700,Pave,,Reg,Lvl,AllPub,Inside,Gtl,Mitchel,Norm,Norm,Duplex,2Story,5,2,1985,1986,Gable,CompShg,HdBoard,HdBoard,,0.0,TA,4,PConc,TA,2.0,No,Unf,0.0,Unf,0.0,1216.0,1216.0,GasA,Gd,Y,SBrkr,1216,1216,0,0.0,0.0,4,2,4,2,TA,10,Typ,0,,Attchd,1985.0,Unf,2.0,616.0,TA,3.0,Y,200,0,0,0,0,0,,,Shed,600,2,2010,WD ,Normal,923276250.0,615 DULUTH ST 617,41.9874384,-93.6038168,3,3.0000000000000004
2229,902109130,1701,94550,190,RM,63.0,7627,Pave,,Reg,Lvl,AllPub,Corner,Gtl,OldTown,Artery,Norm,2fmCon,2Story,4,6,1920,1950,Gable,CompShg,AsbShng,AsbShng,,0.0,Fa,2,BrkTil,Fa,4.0,No,Unf,0.0,Unf,0.0,600.0,600.0,GasA,Gd,N,SBrkr,1101,600,0,0.0,0.0,2,0,4,2,Fa,8,Typ,0,,,,,0.0,0.0,,0.0,N,0,0,148,0,0,0,,,,0,10,2009,WD ,Normal,902109130.0,633 9TH ST,42.03028423,-93.61908511,6,3.0
2272,903231060,800,60000,30,RM,51.0,6120,Pave,,Reg,Lvl,AllPub,Inside,Gtl,BrkSide,Norm,Norm,1Fam,1Story,2,3,1936,1950,Gable,CompShg,AsbShng,AsbShng,,0.0,Fa,3,BrkTil,TA,3.0,No,Unf,0.0,Unf,0.0,264.0,264.0,Grav,Fa,N,FuseA,800,0,0,0.0,0.0,1,0,1,1,Fa,4,Maj1,1,Po,,,,0.0,0.0,,0.0,N,0,0,0,0,0,0,,,,0,1,2009,ConLw,Normal,903231060.0,1109 MARSTON AVE,42.03234791,-93.62368282,6,3.0
2480,534450110,666,64500,20,RL,50.0,5000,Pave,,Reg,Lvl,AllPub,Inside,Gtl,BrkSide,Norm,Norm,1Fam,1Story,3,3,1946,1950,Gable,CompShg,WdShing,Wd Shng,,0.0,Fa,3,CBlock,Fa,3.0,No,LwQ,299.0,Unf,0.0,367.0,666.0,GasA,Fa,N,SBrkr,666,0,0,0.0,1.0,1,0,2,1,Gd,4,Typ,0,,,,,0.0,0.0,,0.0,N,0,52,0,0,0,0,,MnPrv,,0,4,2007,WD ,Normal,534450110.0,1441 SUMMIT AVE,42.03566082,-93.62958293,6,3.0
1428,903481100,1344,82375,190,RM,60.0,10320,Pave,Grvl,Reg,Lvl,AllPub,Inside,Gtl,IDOTRR,Norm,Norm,2fmCon,2Story,3,3,1915,1950,Gable,CompShg,AsphShn,AsphShn,,0.0,Fa,3,PConc,TA,3.0,No,Unf,0.0,Unf,0.0,536.0,536.0,GasA,Ex,N,FuseF,808,536,0,0.0,0.0,2,0,3,2,TA,8,Typ,0,,,,,0.0,0.0,,0.0,N,42,0,204,0,0,0,,,,0,5,2008,WD ,Normal,903481100.0,1017 N 2ND ST,42.02413621,-93.62402561,6,3.0
1407,902456015,1020,64500,50,C (all),63.0,4761,Pave,,Reg,Lvl,AllPub,Corner,Gtl,IDOTRR,Norm,Norm,1Fam,1.5Unf,3,3,1918,1950,Gable,CompShg,Wd Sdng,Wd Sdng,,0.0,Fa,3,BrkTil,TA,3.0,No,Unf,0.0,Unf,0.0,1020.0,1020.0,GasA,Fa,N,FuseP,1020,0,0,0.0,0.0,1,0,2,1,Fa,5,Typ,0,,,,,0.0,0.0,,0.0,N,0,0,105,0,0,0,,,,0,10,2006,ConLD,Normal,902456015.0,115 CENTER AVE,42.02348365,-93.60706065,6,3.0
1436,902325070,2138,106000,75,RM,90.0,8100,Pave,,Reg,Lvl,AllPub,Corner,Gtl,OldTown,Norm,Norm,1Fam,2.5Unf,5,5,1898,1965,Hip,CompShg,AsbShng,AsbShng,,0.0,TA,2,PConc,TA,2.0,No,Unf,0.0,Unf,0.0,849.0,849.0,GasA,TA,N,FuseA,1075,1063,0,0.0,0.0,2,0,2,3,TA,11,Typ,0,,Detchd,1910.0,Unf,2.0,360.0,Fa,4.0,N,40,156,0,0,0,0,,MnPrv,,0,11,2009,WD ,Normal,902325070.0,803 KELLOGG AVE,42.02907647,-93.61392424,5,3.0
2308,534455030,1496,141500,20,RL,80.0,9600,Pave,,Reg,Lvl,AllPub,Inside,Gtl,NAmes,Norm,Norm,1Fam,1Story,5,6,1960,1960,Gable,CompShg,MetalSd,MetalSd,BrkFace,203.0,Fa,3,CBlock,TA,2.0,No,Rec,658.0,Unf,0.0,638.0,1296.0,GasA,TA,Y,SBrkr,1496,0,0,0.0,0.0,2,0,3,1,Gd,6,Typ,0,,Attchd,1960.0,RFn,2.0,450.0,TA,2.0,Y,0,22,0,0,0,0,,MnPrv,,0,2,2008,WD ,Normal,534455030.0,1410 16TH ST,42.03819044,-93.62829389,5,2.9
2114,909101190,2230,118500,75,RL,60.0,6204,Pave,,Reg,Bnk,AllPub,Inside,Gtl,SWISU,Norm,Norm,1Fam,2.5Fin,4,5,1912,1950,Gable,CompShg,Wd Sdng,Wd Sdng,,0.0,Gd,2,PConc,TA,3.0,No,Unf,0.0,Unf,0.0,795.0,795.0,GasA,TA,N,SBrkr,954,795,481,1.0,0.0,1,0,5,1,TA,10,Typ,0,,Detchd,1997.0,Unf,1.0,440.0,TA,1.0,Y,0,188,0,0,0,0,,,,0,3,2006,WD ,Normal,909101190.0,217 S HYLAND AVE,42.02188533,-93.65567301,6,2.9
1669,908152060,1044,133500,80,RL,65.0,6285,Pave,,Reg,Lvl,AllPub,Inside,Gtl,Edwards,Norm,Norm,1Fam,SLvl,6,6,1976,1976,Gable,CompShg,HdBoard,Plywood,,0.0,TA,3,CBlock,TA,2.0,Av,GLQ,504.0,Unf,0.0,456.0,960.0,GasA,TA,Y,SBrkr,1044,0,0,1.0,0.0,1,0,3,1,TA,7,Typ,1,Fa,Detchd,1976.0,Unf,2.0,528.0,TA,3.0,Y,228,0,0,0,0,0,,,,0,4,2007,WD ,Normal,908152060.0,4126 APLIN RD,42.01983696,-93.67381812,4,2.9
1949,535402270,1040,163000,20,RL,77.0,11500,Pave,,IR1,Lvl,AllPub,Inside,Gtl,NAmes,Norm,Norm,1Fam,1Story,6,4,1967,1967,Gable,CompShg,HdBoard,HdBoard,,0.0,Fa,2,CBlock,TA,3.0,No,BLQ,872.0,Rec,60.0,108.0,1040.0,GasA,Gd,Y,SBrkr,1040,0,0,1.0,0.0,1,0,3,1,TA,6,Min1,1,Po,Attchd,1967.0,RFn,2.0,480.0,TA,2.0,Y,0,0,156,0,0,0,,MnPrv,,0,5,2009,WD ,Normal,535402270.0,113 E O NEIL DR,42.04031159,-93.6104115,5,2.9
1183,908225180,936,97900,50,RL,56.0,6956,Pave,,Reg,Lvl,AllPub,Inside,Gtl,Edwards,Norm,Norm,1Fam,1.5Fin,4,7,1948,1950,Gable,CompShg,VinylSd,VinylSd,,0.0,TA,1,CBlock,Fa,2.0,Mn,Unf,0.0,Unf,0.0,624.0,624.0,GasA,Ex,Y,SBrkr,624,312,0,0.0,0.0,1,0,3,1,TA,5,Typ,0,,Attchd,1948.0,Unf,1.0,265.0,TA,4.0,Y,0,0,0,0,0,0,,,,0,4,2006,WD ,Normal,908225180.0,3323 TRIPP ST,42.02011555,-93.66207774,6,2.9
2154,905101200,1029,118500,20,RL,61.0,7943,Pave,,Reg,Lvl,AllPub,Inside,Gtl,Sawyer,Feedr,Norm,1Fam,1Story,4,5,1961,1961,Gable,CompShg,VinylSd,VinylSd,BrkCmn,192.0,TA,3,CBlock,TA,2.0,Mn,Rec,903.0,Unf,0.0,126.0,1029.0,GasA,Gd,Y,SBrkr,1029,0,0,1.0,0.0,1,0,3,1,TA,5,Typ,0,,Attchd,1961.0,Unf,1.0,261.0,TA,2.0,Y,64,0,39,0,0,0,,,,0,4,2007,WD ,Normal,905101200.0,3812 ONTARIO ST,42.03442457,-93.67004947,5,2.9
1973,535126100,1392,110000,20,RL,120.0,13560,Pave,,Reg,Lvl,AllPub,Corner,Gtl,NAmes,Norm,Norm,1Fam,1Story,6,3,1968,1968,Hip,CompShg,Wd Sdng,Wd Sdng,BrkFace,216.0,TA,2,CBlock,Fa,3.0,No,Unf,0.0,Unf,0.0,1392.0,1392.0,GasA,Gd,Y,SBrkr,1392,0,0,1.0,0.0,1,0,2,1,TA,5,Maj2,2,TA,Attchd,1968.0,RFn,2.0,576.0,TA,2.0,Y,0,0,240,0,0,0,,,,0,7,2009,WD ,Normal,535126100.0,2407 DUFF AVE,42.04590928,-93.61425502,5,2.9
2389,534201250,1770,155000,60,RL,72.0,8640,Pave,,Reg,Lvl,AllPub,Inside,Gtl,NAmes,Feedr,Norm,1Fam,2Story,5,5,1968,1968,Gable,CompShg,HdBoard,HdBoard,BrkFace,300.0,TA,2,CBlock,Gd,3.0,Mn,ALQ,361.0,Rec,483.0,56.0,900.0,GasA,Ex,Y,SBrkr,884,886,0,1.0,0.0,1,1,4,1,TA,7,Typ,0,,Attchd,1968.0,RFn,2.0,530.0,TA,2.0,Y,0,60,0,0,270,0,,,Shed,455,6,2006,WD ,Normal,534201250.0,1219 24TH ST,42.04573825,-93.62630938,5,2.9
1487,527357110,1308,146900,60,RL,75.0,9743,Pave,,Reg,Lvl,AllPub,Inside,Gtl,NWAmes,Norm,Norm,1Fam,2Story,5,6,1969,1969,Gable,CompShg,VinylSd,VinylSd,,0.0,TA,2,CBlock,TA,3.0,No,BLQ,280.0,Unf,0.0,440.0,720.0,GasA,Gd,Y,SBrkr,720,588,0,0.0,0.0,1,1,3,1,TA,7,Typ,0,,Detchd,1969.0,Unf,2.0,484.0,TA,2.0,Y,0,0,0,0,0,0,,,,0,6,2008,WD ,Normal,527357110.0,2918 EISENHOWER AVE,42.05037326,-93.63712516,5,2.9
2570,532376170,890,115000,190,RL,65.0,8450,Pave,,Reg,Lvl,AllPub,Inside,Gtl,Sawyer,RRAe,Norm,2fmCon,1Story,5,5,1968,1968,Gable,CompShg,HdBoard,HdBoard,,0.0,TA,2,CBlock,TA,3.0,Mn,ALQ,890.0,Unf,0.0,0.0,890.0,GasA,Gd,N,SBrkr,890,0,0,1.0,0.0,1,0,3,1,TA,5,Typ,0,,Detchd,1970.0,Unf,1.0,308.0,TA,2.0,Y,0,0,0,0,0,0,,,,0,4,2008,WD ,Normal,532376170.0,3909 TORONTO ST,42.03571149,-93.6711582,5,2.9
2044,534479130,1578,133000,50,RL,79.0,9490,Pave,,Reg,Lvl,AllPub,Inside,Gtl,NAmes,Artery,Norm,1Fam,1.5Fin,6,7,1941,1950,Gable,CompShg,Wd Sdng,Wd Sdng,,0.0,TA,2,CBlock,TA,2.0,No,BLQ,403.0,Rec,165.0,238.0,806.0,GasA,TA,Y,FuseA,958,620,0,1.0,0.0,1,0,3,1,Fa,5,Typ,2,TA,Attchd,1941.0,Unf,1.0,240.0,TA,2.0,Y,0,0,32,0,0,0,,MnPrv,,0,8,2006,WD ,Normal,534479130.0,1323 GRAND AVE,42.03492251,-93.62054071,6,2.8000000000000003
2052,535375130,1034,109000,50,RL,60.0,10134,Pave,,Reg,Lvl,AllPub,Inside,Gtl,OldTown,Norm,Norm,1Fam,1.5Fin,5,6,1940,1950,Gable,CompShg,MetalSd,MetalSd,,0.0,TA,2,CBlock,TA,2.0,No,Unf,0.0,Unf,0.0,735.0,735.0,GasA,Gd,Y,FuseA,735,299,0,0.0,0.0,1,0,2,1,TA,5,Typ,0,,Detchd,1940.0,Unf,1.0,240.0,TA,2.0,Y,0,39,0,0,0,0,,,,0,7,2007,WD ,Normal,535375130.0,1516 BURNETT AVE,42.03733263,-93.61544869,6,2.8000000000000003
2504,902406030,960,125000,20,RM,65.0,9750,Pave,Grvl,Reg,Lvl,AllPub,Inside,Gtl,OldTown,Norm,Norm,1Fam,1Story,5,5,1958,1958,Hip,CompShg,HdBoard,HdBoard,,0.0,TA,2,CBlock,TA,2.0,No,Unf,0.0,Unf,0.0,960.0,960.0,GasA,Ex,Y,SBrkr,960,0,0,0.0,0.0,1,0,3,1,TA,5,Typ,0,,Detchd,2002.0,Unf,2.0,624.0,TA,2.0,Y,0,0,0,0,0,0,,,Gar2,4500,7,2006,WD ,Normal,902406030.0,317 E 6TH ST,42.02712578,-93.60598765,6,2.8000000000000003
2505,535354200,1824,146000,90,RL,76.0,12436,Pave,,Reg,Lvl,AllPub,Inside,Gtl,NAmes,Norm,Norm,Duplex,1Story,5,5,1957,1957,Gable,CompShg,Wd Sdng,Wd Sdng,,0.0,TA,2,CBlock,TA,2.0,No,Unf,0.0,Unf,0.0,1824.0,1824.0,GasA,Fa,Y,FuseA,1824,0,0,0.0,0.0,2,0,5,2,TA,9,Typ,0,,Detchd,1958.0,Unf,2.0,484.0,TA,2.0,Y,0,0,0,0,0,0,,,,0,1,2008,WD ,Normal,535354200.0,1318 WILSON AVE,42.03481163,-93.61841951,6,2.8000000000000003
1829,909275080,1567,205000,50,RL,60.0,13680,Pave,,Reg,HLS,AllPub,Inside,Mod,Crawfor,Norm,Norm,1Fam,1.5Fin,5,6,1940,1950,Gable,CompShg,Wd Sdng,Wd Sdng,,0.0,TA,2,CBlock,TA,2.0,No,ALQ,728.0,Unf,0.0,112.0,840.0,GasA,Ex,Y,SBrkr,840,727,0,1.0,0.0,1,1,2,1,TA,6,Min2,2,TA,Detchd,1961.0,Unf,2.0,440.0,TA,2.0,Y,0,21,150,0,0,0,,GdPrv,,0,2,2009,WD ,Normal,909275080.0,333 PEARSON AVE,42.01981581,-93.64266961,6,2.8000000000000003
1803,909176140,1691,127000,50,RL,50.0,5000,Pave,Pave,Reg,Lvl,AllPub,Inside,Gtl,SWISU,Norm,Norm,1Fam,1.5Fin,5,6,1924,1950,Gable,CompShg,BrkFace,Wd Sdng,,0.0,TA,2,BrkTil,TA,2.0,No,LwQ,218.0,Unf,0.0,808.0,1026.0,GasA,TA,Y,SBrkr,1026,665,0,0.0,0.0,2,0,3,1,Gd,6,Typ,1,Gd,Detchd,1924.0,Unf,1.0,308.0,TA,2.0,Y,0,0,242,0,0,0,,,,0,5,2010,WD ,Normal,909176140.0,2521 LITTLE ST,42.01774338,-93.65050594,6,2.8000000000000003
1526,526351010,1329,172000,20,RL,81.0,14267,Pave,,IR1,Lvl,AllPub,Corner,Gtl,NAmes,Norm,Norm,1Fam,1Story,6,6,1958,1958,Hip,CompShg,Wd Sdng,Wd Sdng,BrkFace,108.0,TA,2,CBlock,TA,2.0,No,ALQ,923.0,Unf,0.0,406.0,1329.0,GasA,TA,Y,SBrkr,1329,0,0,0.0,0.0,1,1,3,1,Gd,6,Typ,0,,Attchd,1958.0,Unf,1.0,312.0,TA,2.0,Y,393,36,0,0,0,0,,,Gar2,12500,6,2010,WD ,Normal,526351010.0,630 RIVER OAK DR,42.05269954,-93.61883291,6,2.8000000000000003
2093,535451100,1238,102000,20,RL,60.0,7200,Pave,,Reg,Lvl,AllPub,Inside,Gtl,NAmes,Norm,Norm,1Fam,1Story,5,3,1950,1950,Gable,CompShg,WdShing,Wd Shng,,0.0,TA,2,CBlock,TA,2.0,No,LwQ,432.0,Unf,0.0,432.0,864.0,GasA,Fa,Y,FuseA,1238,0,0,0.0,0.0,1,1,3,1,TA,6,Min2,1,TA,Attchd,1950.0,Unf,1.0,357.0,TA,2.0,Y,0,171,0,0,0,0,,,,0,11,2007,WD ,Normal,535451100.0,1421 STAFFORD AVE,42.03605315,-93.60799748,6,2.8000000000000003
1296,902329090,1762,157000,70,RM,60.0,7200,Pave,,Reg,Lvl,AllPub,Corner,Gtl,OldTown,Norm,Norm,1Fam,2Story,7,7,1920,1950,Hip,CompShg,Wd Sdng,Wd Sdng,,0.0,TA,2,BrkTil,Fa,2.0,No,Unf,0.0,Unf,0.0,596.0,596.0,GasA,Ex,Y,SBrkr,998,764,0,1.0,0.0,1,1,4,1,Gd,8,Typ,0,,Detchd,1989.0,Unf,2.0,576.0,TA,2.0,N,36,0,221,0,0,0,,,,0,10,2006,WD ,Normal,902329090.0,700 KELLOGG AVE,42.028079,-93.61366,6,2.8000000000000003
1298,903233080,2009,150000,50,RM,52.0,6240,Pave,,Reg,Lvl,AllPub,Inside,Gtl,BrkSide,Norm,Norm,1Fam,1.5Fin,7,5,1939,1950,Gable,CompShg,Wd Sdng,Wd Sdng,,0.0,TA,2,BrkTil,TA,2.0,Mn,Rec,300.0,LwQ,240.0,449.0,989.0,GasA,TA,Y,SBrkr,1245,764,0,0.0,0.0,2,0,4,1,TA,7,Min2,1,Gd,Detchd,1939.0,Unf,2.0,400.0,TA,2.0,Y,0,20,0,0,0,0,,MnPrv,,0,1,2008,WD ,Normal,903233080.0,1021 HARDING AVE,42.03159403,-93.62152434,6,2.8000000000000003
1267,905427010,2009,235000,70,RL,114.0,19950,Pave,,Reg,Lvl,AllPub,Corner,Gtl,Edwards,Norm,Norm,1Fam,2Story,6,7,1928,1950,Gable,CompShg,WdShing,Plywood,,0.0,TA,2,PConc,TA,2.0,No,Unf,0.0,Unf,0.0,672.0,672.0,GasA,Ex,Y,SBrkr,1337,672,0,0.0,0.0,2,0,4,1,TA,8,Typ,2,Gd,2Types,1928.0,Unf,3.0,795.0,TA,2.0,P,0,42,0,0,180,0,,,,0,12,2006,WD ,Normal,905427010.0,3312 OAKLAND ST,42.02820253,-93.66171537,6,2.8000000000000003
1268,908102100,1214,140000,20,RL,70.0,9170,Pave,,Reg,Lvl,AllPub,Corner,Gtl,Edwards,Feedr,Norm,1Fam,1Story,5,7,1965,1965,Hip,CompShg,MetalSd,MetalSd,,0.0,TA,2,CBlock,TA,2.0,No,ALQ,698.0,GLQ,96.0,420.0,1214.0,GasA,Ex,Y,SBrkr,1214,0,0,1.0,0.0,1,0,2,1,TA,6,Typ,0,,Detchd,1965.0,Unf,2.0,461.0,Fa,3.0,Y,0,0,184,0,0,0,,GdPrv,Shed,400,4,2007,WD ,Normal,908102100.0,202 SOUTH DAKOTA AVE,42.0210994,-93.67855367,5,2.8000000000000003
457,909278020,1343,154900,50,RL,54.0,7681,Pave,,IR1,Lvl,AllPub,FR2,Gtl,Crawfor,Norm,Norm,1Fam,1.5Fin,5,6,1921,1950,Gable,CompShg,Wd Sdng,Wd Sdng,,0.0,TA,2,BrkTil,TA,2.0,No,Unf,0.0,Unf,0.0,731.0,731.0,GasA,Ex,Y,SBrkr,820,523,0,0.0,0.0,1,1,3,1,TA,7,Typ,1,Gd,Detchd,1921.0,Unf,1.0,186.0,Fa,2.0,Y,192,0,102,0,0,0,,,,0,7,2009,WD ,Normal,909278020.0,602 ASH AVE,42.0168864,-93.644184,6,2.8000000000000003
2070,535450100,1521,147500,50,RL,60.0,12144,Pave,,Reg,Lvl,AllPub,Inside,Gtl,NAmes,Norm,Norm,1Fam,1.5Fin,4,6,1950,1950,Gable,CompShg,BrkComm,Wd Sdng,,0.0,TA,2,CBlock,TA,2.0,No,Rec,455.0,Unf,0.0,455.0,910.0,GasA,Gd,Y,SBrkr,910,611,0,0.0,0.0,1,1,3,1,Gd,6,Min2,0,,Detchd,1950.0,Unf,1.0,597.0,Fa,2.0,Y,199,0,168,0,0,0,,,,0,9,2006,WD ,Normal,535450100.0,1431 CARROLL AVE,42.03618424,-93.60909058,6,2.8000000000000003
2077,909178160,1489,139500,50,RL,60.0,9900,Pave,,Reg,Lvl,AllPub,Inside,Gtl,SWISU,Norm,Norm,1Fam,1.5Fin,6,7,1940,1950,Gable,CompShg,VinylSd,VinylSd,,0.0,TA,2,BrkTil,TA,2.0,No,Unf,0.0,Unf,0.0,778.0,778.0,GasA,TA,Y,SBrkr,944,545,0,0.0,0.0,2,0,3,1,TA,7,Typ,1,Gd,Detchd,1940.0,Unf,1.0,240.0,TA,2.0,Y,335,0,0,0,0,0,,GdWo,,0,7,2009,WD ,Normal,909178160.0,609 STANTON AVE,42.01681718,-93.64860476,6,2.8000000000000003
481,909250200,1510,149000,70,RL,69.0,4899,Pave,,Reg,HLS,AllPub,Corner,Gtl,SWISU,Norm,Norm,1Fam,2Story,6,8,1920,1950,Gable,CompShg,MetalSd,MetalSd,,0.0,TA,2,PConc,TA,2.0,No,BLQ,305.0,Unf,0.0,450.0,755.0,GasA,Ex,Y,SBrkr,755,755,0,0.0,0.0,1,0,3,1,TA,6,Typ,0,,Detchd,1920.0,Unf,1.0,216.0,TA,2.0,Y,0,0,164,0,0,0,,,,0,6,2006,WD ,Normal,909250200.0,428 STANTON AVE,42.01875678,-93.64838682,6,2.8000000000000003
1037,535180130,1337,108000,50,RL,60.0,8382,Pave,,Reg,Lvl,AllPub,Inside,Gtl,NAmes,Norm,Norm,1Fam,1.5Fin,4,5,1956,1956,Gable,CompShg,MetalSd,MetalSd,,0.0,TA,2,CBlock,TA,2.0,No,Unf,0.0,Unf,0.0,832.0,832.0,GasA,TA,Y,FuseA,832,505,0,0.0,0.0,1,0,3,1,TA,5,Typ,0,,Attchd,1956.0,Unf,1.0,263.0,TA,2.0,Y,0,0,0,0,0,0,,,,0,2,2010,WD ,Normal,535180130.0,223 20TH ST,42.04210784,-93.61296405,6,2.8000000000000003
1043,902106010,1558,150000,70,RM,57.0,6406,Pave,Grvl,Reg,Lvl,AllPub,Inside,Gtl,OldTown,Norm,Norm,1Fam,2Story,5,6,1939,1950,Gable,CompShg,Wd Sdng,Wd Sdng,,0.0,TA,2,BrkTil,TA,2.0,No,ALQ,421.0,Unf,0.0,269.0,690.0,GasA,TA,Y,FuseA,868,690,0,0.0,0.0,1,1,3,1,TA,7,Typ,1,Gd,Detchd,1939.0,Unf,2.0,400.0,TA,2.0,Y,0,36,0,0,182,0,,MnPrv,,0,10,2009,WD ,Normal,902106010.0,622 11TH ST,42.03204762,-93.61896053,6,2.8000000000000003
2439,535152200,1176,136500,20,RL,74.0,8856,Pave,,Reg,Lvl,AllPub,Inside,Gtl,NAmes,Norm,Norm,1Fam,1Story,5,4,1957,1957,Gable,CompShg,Wd Sdng,Wd Sdng,BrkFace,143.0,TA,2,CBlock,TA,2.0,No,ALQ,621.0,LwQ,52.0,503.0,1176.0,GasA,TA,Y,SBrkr,1176,0,0,1.0,0.0,1,0,3,1,TA,6,Typ,2,Gd,Attchd,1957.0,RFn,1.0,292.0,TA,2.0,Y,0,88,0,0,95,0,,,,0,5,2008,WD ,Normal,535152200.0,2204 JENSEN AVE,42.04400232,-93.61859892,6,2.8000000000000003
1057,535302070,948,125000,20,RL,60.0,10950,Pave,,Reg,Lvl,AllPub,Inside,Gtl,NAmes,Norm,Norm,1Fam,1Story,6,6,1952,1952,Hip,CompShg,Wd Sdng,Wd Sdng,,0.0,TA,2,CBlock,TA,2.0,No,ALQ,441.0,Unf,0.0,507.0,948.0,GasA,TA,Y,SBrkr,948,0,0,0.0,0.0,1,0,2,1,TA,5,Typ,0,,Detchd,1952.0,Unf,2.0,410.0,TA,2.0,N,0,48,0,0,0,0,,,,0,4,2007,WD ,Normal,535302070.0,1823 BURNETT AVE,42.04054722,-93.61565978,6,2.8000000000000003
1058,905480030,1258,105000,50,RL,60.0,9060,Pave,,Reg,Lvl,AllPub,Inside,Gtl,Edwards,Norm,Norm,1Fam,1.5Fin,6,5,1939,1950,Gable,CompShg,WdShing,Wd Shng,,0.0,TA,2,BrkTil,TA,2.0,Mn,Rec,204.0,Unf,0.0,356.0,560.0,GasA,TA,Y,SBrkr,698,560,0,0.0,0.0,1,0,2,1,TA,6,Typ,0,,Detchd,1939.0,Unf,1.0,280.0,TA,2.0,P,0,0,0,0,0,0,,MnPrv,,0,10,2009,WD ,Normal,905480030.0,3122 STORY ST,42.02367542,-93.65978894,6,2.8000000000000003
1027,909254070,1802,200100,70,RL,54.0,7588,Pave,,Reg,Lvl,AllPub,Inside,Gtl,Crawfor,Norm,Norm,1Fam,2Story,7,6,1920,1950,Gable,CompShg,Stucco,Stucco,,0.0,TA,2,BrkTil,Fa,2.0,No,LwQ,352.0,Unf,0.0,441.0,793.0,GasA,Gd,Y,SBrkr,901,901,0,0.0,0.0,1,1,4,1,TA,9,Typ,1,Gd,Detchd,1920.0,Unf,1.0,216.0,Fa,2.0,Y,0,0,40,0,0,0,,,,0,7,2006,WD ,Normal,909254070.0,611 ASH AVE,42.016565,-93.644405,6,2.8000000000000003
991,904302020,879,80000,30,RL,50.0,5220,Pave,,IR1,Lvl,AllPub,Inside,Gtl,SWISU,Norm,Norm,1Fam,1Story,5,3,1936,1950,Gable,CompShg,Wd Sdng,Wd Shng,,0.0,TA,2,BrkTil,TA,2.0,No,Unf,0.0,Unf,0.0,830.0,830.0,GasA,Gd,Y,SBrkr,879,0,0,0.0,0.0,1,0,2,1,TA,4,Typ,0,,Detchd,1936.0,Unf,1.0,180.0,TA,2.0,P,0,108,0,0,0,0,,,,0,1,2006,WD ,Normal,904302020.0,2818 OAKLAND ST,42.02789525,-93.65663732,6,2.8000000000000003
928,909100110,1647,128000,70,RL,66.0,6858,Pave,,Reg,Bnk,AllPub,Corner,Gtl,SWISU,Norm,Norm,1Fam,2Story,6,4,1915,1950,Gable,CompShg,Wd Sdng,Wd Sdng,,0.0,TA,2,PConc,Gd,2.0,No,Unf,0.0,Unf,0.0,806.0,806.0,GasA,TA,N,FuseF,841,806,0,1.0,0.0,1,1,4,1,Fa,6,Typ,0,,Detchd,1920.0,Unf,1.0,216.0,TA,2.0,Y,0,66,136,0,0,0,,,,0,5,2010,WD ,Normal,909100110.0,109 S HYLAND AVE,42.0225059,-93.65568467,6,2.8000000000000003
932,903400040,1824,180500,70,RL,60.0,13515,Pave,Pave,Reg,Lvl,AllPub,Inside,Gtl,BrkSide,Norm,Norm,1Fam,2Story,6,6,1919,1950,Gambrel,CompShg,Wd Sdng,Wd Sdng,,0.0,TA,2,PConc,TA,2.0,No,Unf,0.0,Unf,0.0,764.0,764.0,GasA,Ex,Y,FuseA,1060,764,0,0.0,0.0,1,0,3,1,TA,8,Typ,1,Gd,Detchd,1940.0,Unf,2.0,520.0,TA,2.0,N,0,0,126,0,0,0,,GdPrv,,0,7,2007,WD ,Normal,903400040.0,821 RIDGEWOOD AVE,42.02943136,-93.62580582,6,2.8000000000000003
81,535453020,1256,159000,20,RL,80.0,8000,Pave,,Reg,Lvl,AllPub,Inside,Gtl,NAmes,Norm,Norm,1Fam,1Story,5,6,1959,1959,Gable,CompShg,BrkFace,Wd Sdng,,0.0,TA,2,PConc,TA,2.0,No,BLQ,476.0,Rec,488.0,292.0,1256.0,GasA,Gd,Y,FuseA,1256,0,0,1.0,0.0,1,1,3,1,Gd,6,Typ,0,,Attchd,1959.0,RFn,1.0,311.0,TA,2.0,Y,0,240,0,0,0,0,,,,0,5,2008,WD ,Normal,535453020.0,1523 GLENDALE AVE,42.03713342,-93.60600708,6,2.8000000000000003
82,535379100,1130,120000,30,RL,60.0,10800,Pave,Grvl,Reg,Lvl,AllPub,Inside,Gtl,OldTown,Norm,Norm,1Fam,1Story,5,6,1920,1950,Hip,CompShg,Stucco,Stucco,,0.0,TA,2,BrkTil,TA,2.0,No,Rec,821.0,Unf,0.0,299.0,1120.0,GasA,Ex,Y,SBrkr,1130,0,0,1.0,0.0,1,0,2,1,TA,5,Typ,1,Gd,Detchd,1970.0,Unf,2.0,720.0,TA,2.0,Y,229,0,0,0,0,0,,,,0,6,2006,WD ,Normal,535379100.0,1408 KELLOGG AVE,42.03590353,-93.61386527,6,2.8000000000000003
424,909279010,2480,205000,90,RL,,8145,Pave,,IR1,HLS,AllPub,Corner,Gtl,Crawfor,Norm,Norm,Duplex,2.5Unf,7,6,1940,1950,Gable,CompShg,Wd Sdng,Wd Sdng,,0.0,TA,2,BrkTil,TA,2.0,No,LwQ,246.0,Unf,0.0,674.0,920.0,GasA,Ex,Y,SBrkr,1240,1240,0,0.0,0.0,2,1,5,2,TA,13,Typ,2,Gd,Detchd,1940.0,Unf,2.0,400.0,TA,2.0,Y,0,0,57,0,0,0,,,,0,7,2009,WD ,Normal,909279010.0,2159 COUNTRY CLUB BLVD 2157,42.01580493,-93.64382078,6,2.8000000000000003
1568,535304170,1040,136000,20,RL,68.0,7942,Pave,,Reg,Lvl,AllPub,Inside,Gtl,NAmes,Norm,Norm,1Fam,1Story,6,7,1953,1953,Hip,CompShg,Wd Sdng,Wd Sdng,,0.0,TA,2,CBlock,TA,2.0,No,Rec,85.0,ALQ,955.0,0.0,1040.0,GasA,TA,Y,FuseF,1040,0,0,0.0,1.0,1,0,3,1,TA,6,Typ,0,,Attchd,1953.0,Fin,1.0,293.0,TA,2.0,Y,0,0,0,0,0,0,,MnPrv,,0,6,2007,WD ,Normal,535304170.0,1712 WILSON AVE,42.039626,-93.618395,6,2.8000000000000003
2572,534430050,816,129800,30,RL,60.0,8550,Pave,,Reg,Lvl,AllPub,Inside,Gtl,NAmes,Norm,Norm,1Fam,1Story,6,8,1934,1950,Gable,CompShg,MetalSd,MetalSd,,0.0,TA,2,CBlock,TA,2.0,No,BLQ,574.0,Unf,0.0,242.0,816.0,GasA,Ex,Y,SBrkr,816,0,0,1.0,0.0,1,0,2,1,TA,4,Typ,1,Fa,Attchd,1949.0,Unf,1.0,240.0,TA,2.0,Y,228,0,40,0,0,0,,MnPrv,,0,7,2006,WD ,Normal,534430050.0,1008 MURRAY DR,42.03918705,-93.62389636,6,2.8000000000000003
2295,909101100,1298,122000,50,RL,45.0,8212,Pave,Grvl,Reg,Lvl,AllPub,Inside,Gtl,Edwards,Norm,Norm,1Fam,1.5Fin,5,6,1941,1950,Gable,CompShg,Wd Sdng,Wd Sdng,,0.0,TA,2,CBlock,TA,2.0,No,Rec,626.0,Unf,0.0,94.0,720.0,GasA,Ex,Y,SBrkr,854,444,0,0.0,0.0,1,0,3,1,TA,6,Typ,2,Gd,Detchd,1940.0,Unf,1.0,256.0,TA,2.0,Y,84,0,0,0,0,0,,,,0,9,2009,WD ,Normal,909101100.0,2902 WOOD ST,42.02208185,-93.65683994,6,2.8000000000000003
2566,910200110,1215,141000,50,RM,50.0,7000,Pave,,Reg,Lvl,AllPub,Corner,Gtl,IDOTRR,Norm,Norm,1Fam,1.5Fin,6,7,1940,1950,Gable,CompShg,Wd Sdng,Wd Sdng,,0.0,TA,2,BrkTil,TA,2.0,No,ALQ,375.0,Unf,0.0,345.0,720.0,GasA,Gd,Y,FuseA,720,495,0,0.0,0.0,1,0,3,1,Gd,6,Typ,0,,Detchd,1965.0,Fin,2.0,720.0,TA,2.0,Y,0,0,30,0,0,0,,MnPrv,,0,5,2007,WD ,Normal,910200110.0,130 S RIVERSIDE DR,42.02242708,-93.62946408,6,2.8000000000000003
1624,909177120,1424,168000,30,RL,60.0,7290,Pave,,Reg,Lvl,AllPub,Corner,Gtl,SWISU,Norm,Norm,1Fam,1Story,7,8,1921,1950,Gable,CompShg,WdShing,Wd Shng,BrkFace,174.0,TA,2,BrkTil,TA,2.0,No,Unf,0.0,Unf,0.0,1228.0,1228.0,GasA,Ex,Y,SBrkr,1424,0,0,0.0,0.0,2,0,2,1,TA,7,Typ,1,Gd,Attchd,1921.0,Unf,1.0,312.0,TA,2.0,Y,0,0,90,0,0,0,,,,0,4,2008,WD ,Normal,909177120.0,538 HAYWARD AVE,42.01705749,-93.65159812,6,2.8000000000000003
1627,534451150,1306,76500,30,RL,55.0,5350,Pave,,IR1,Lvl,AllPub,Inside,Gtl,BrkSide,Norm,Norm,1Fam,1Story,3,2,1940,1966,Gable,CompShg,Wd Sdng,Plywood,,0.0,TA,4,CBlock,TA,2.0,No,Unf,0.0,Unf,0.0,728.0,728.0,GasA,Ex,Y,SBrkr,1306,0,0,0.0,0.0,1,0,3,1,Fa,6,Mod,0,,,,,0.0,0.0,,0.0,Y,263,0,0,0,0,0,,GdWo,Shed,450,5,2010,WD ,Normal,534451150.0,1422 SUMMIT AVE,42.03560674,-93.62932983,5,2.8000000000000003
1628,535375010,792,99900,20,RL,53.0,5470,Pave,,Reg,Lvl,AllPub,Inside,Gtl,OldTown,Norm,Norm,1Fam,1Story,3,5,1958,1958,Gable,CompShg,MetalSd,MetalSd,,0.0,TA,2,CBlock,TA,2.0,No,Unf,0.0,Unf,0.0,792.0,792.0,GasA,Gd,Y,FuseA,792,0,0,0.0,0.0,1,0,2,1,TA,4,Typ,0,,Attchd,1958.0,Unf,1.0,366.0,Fa,2.0,Y,0,90,0,0,0,0,,,,0,8,2009,WD ,Normal,535375010.0,316 16TH ST,42.0382226,-93.61435296,6,2.8000000000000003
1598,908225290,1368,120000,20,RL,70.0,11767,Pave,,Reg,Lvl,AllPub,Inside,Gtl,Edwards,Norm,Norm,1Fam,1Story,5,5,1950,1950,Gable,CompShg,MetalSd,MetalSd,,0.0,TA,2,CBlock,Fa,2.0,Mn,Rec,1078.0,Unf,0.0,0.0,1078.0,GasA,TA,Y,FuseA,1368,0,0,1.0,0.0,1,0,3,1,TA,6,Min1,0,,Attchd,1950.0,RFn,1.0,195.0,TA,2.0,Y,0,41,211,0,0,0,,,Shed,900,6,2009,WD ,Normal,908225290.0,210 S FRANKLIN AVE,42.02042696,-93.66464523,6,2.8000000000000003
1600,535179120,922,116000,20,RL,72.0,9770,Pave,,Reg,Lvl,AllPub,Inside,Gtl,NAmes,Norm,Norm,1Fam,1Story,5,5,1957,1957,Gable,CompShg,Wd Sdng,Wd Sdng,,0.0,TA,2,CBlock,TA,2.0,No,Rec,512.0,Unf,0.0,410.0,922.0,GasA,TA,Y,FuseA,922,0,0,1.0,0.0,1,0,2,1,TA,5,Typ,0,,Attchd,1957.0,Unf,1.0,308.0,TA,2.0,Y,0,34,0,0,0,0,,GdWo,,0,4,2007,WD ,Normal,535179120.0,221 21ST ST,42.04305854,-93.61275377,6,2.8000000000000003
201,910203230,641,85000,30,RM,50.0,7030,Pave,,Reg,Lvl,AllPub,Inside,Gtl,IDOTRR,Norm,Norm,1Fam,1Story,4,6,1925,1950,Gable,CompShg,MetalSd,MetalSd,,0.0,TA,2,BrkTil,TA,2.0,No,Unf,0.0,Unf,0.0,641.0,641.0,GasA,Gd,Y,SBrkr,641,0,0,0.0,0.0,1,0,2,1,Fa,4,Typ,0,,Detchd,1925.0,Unf,1.0,272.0,TA,2.0,N,184,0,70,0,0,0,,MnPrv,,0,3,2006,WD ,Normal,910203230.0,304 S RIVERSIDE DR,42.02086349,-93.62945982,6,2.8000000000000003
170,535381040,2377,142900,50,RL,60.0,10410,Pave,Grvl,Reg,Lvl,AllPub,Inside,Gtl,OldTown,Norm,Norm,1Fam,1.5Fin,4,5,1915,1950,Gable,CompShg,MetalSd,MetalSd,,0.0,TA,2,BrkTil,TA,2.0,No,Unf,0.0,Unf,0.0,1313.0,1313.0,GasA,TA,Y,SBrkr,1313,0,1064,0.0,0.0,2,0,3,1,Gd,8,Min2,1,TA,Detchd,1954.0,Unf,2.0,528.0,TA,2.0,Y,0,0,432,0,0,0,,,,0,6,2009,WD ,Normal,535381040.0,1311 KELLOGG AVE,42.03476543,-93.6140852,6,2.8000000000000003
812,909251030,1422,136500,30,RL,54.0,7223,Pave,,Reg,Lvl,AllPub,Inside,Gtl,Crawfor,Norm,Norm,1Fam,1Story,5,5,1926,1950,Hip,CompShg,Stucco,Plywood,,0.0,TA,2,PConc,TA,2.0,Mn,BLQ,319.0,Unf,0.0,971.0,1290.0,GasA,TA,Y,SBrkr,1422,0,0,0.0,0.0,1,0,3,1,TA,6,Typ,0,,Detchd,1973.0,Unf,1.0,352.0,TA,2.0,Y,0,0,64,0,0,0,,MnPrv,,0,4,2007,WD ,Normal,909251030.0,2328 BAKER ST,42.01788029,-93.64704514,6,2.8000000000000003
815,903454080,1376,119500,50,RM,50.0,8600,Pave,,Reg,Bnk,AllPub,Inside,Gtl,IDOTRR,Norm,Norm,1Fam,1.5Fin,6,6,1937,1950,Gable,CompShg,MetalSd,MetalSd,,0.0,TA,2,BrkTil,TA,2.0,No,Unf,0.0,Unf,0.0,780.0,780.0,GasA,TA,Y,SBrkr,780,596,0,0.0,0.0,2,0,3,1,TA,7,Typ,1,Gd,Detchd,1937.0,Unf,1.0,198.0,TA,2.0,N,0,0,0,0,0,0,,,,0,6,2006,WD ,Normal,903454080.0,1207 N 2ND ST,42.02410592,-93.62703998,6,2.8000000000000003
2353,903425110,1710,140000,70,RM,50.0,10300,Pave,,IR1,Bnk,AllPub,Inside,Gtl,OldTown,RRAn,Feedr,1Fam,2Story,7,6,1921,1950,Gable,CompShg,Stucco,Stucco,,0.0,TA,2,BrkTil,TA,2.0,No,Unf,0.0,Unf,0.0,576.0,576.0,GasA,Gd,Y,SBrkr,902,808,0,0.0,0.0,2,0,3,1,TA,9,Typ,0,,Detchd,1990.0,Unf,2.0,480.0,TA,2.0,Y,12,11,64,0,0,0,,GdPrv,,0,4,2010,WD ,Normal,903425110.0,721 NORTHWESTERN AVE,42.02850317,-93.6237345,6,2.8000000000000003
1081,902301080,1284,110000,50,RM,50.0,3500,Pave,Grvl,Reg,Lvl,AllPub,Inside,Gtl,OldTown,Norm,Norm,1Fam,1.5Fin,5,7,1947,1950,Gable,CompShg,AsbShng,AsbShng,,0.0,TA,2,CBlock,TA,2.0,No,LwQ,312.0,Unf,0.0,408.0,720.0,GasA,TA,Y,SBrkr,720,564,0,0.0,0.0,1,1,2,1,TA,5,Typ,0,,Detchd,1948.0,Unf,1.0,240.0,TA,2.0,Y,0,35,0,0,0,0,,MnWw,,0,4,2009,WD ,Normal,902301080.0,515 8TH ST,42.02897515,-93.61729698,6,2.8000000000000003
1924,534475100,1063,128000,20,RL,80.0,9920,Pave,,Reg,Lvl,AllPub,Inside,Gtl,NAmes,Norm,Norm,1Fam,1Story,5,5,1954,1954,Gable,CompShg,HdBoard,HdBoard,Stone,110.0,TA,2,CBlock,TA,2.0,No,Rec,354.0,LwQ,290.0,412.0,1056.0,GasA,TA,Y,SBrkr,1063,0,0,1.0,0.0,1,0,3,1,TA,6,Typ,0,,Attchd,1954.0,RFn,1.0,280.0,TA,2.0,Y,0,0,164,0,0,0,,MnPrv,,0,2,2010,WD ,Normal,534475100.0,1411 CURTISS AVE,42.03597621,-93.62478977,6,2.8000000000000003
1604,909175100,1694,136500,50,RL,60.0,8400,Pave,,Reg,Bnk,AllPub,Inside,Gtl,SWISU,Norm,Norm,1Fam,1.5Fin,6,5,1925,1950,Gable,CompShg,MetalSd,MetalSd,,0.0,TA,2,PConc,TA,2.0,No,Rec,423.0,Unf,0.0,758.0,1181.0,GasA,Fa,Y,SBrkr,1390,304,0,0.0,0.0,2,0,4,1,TA,7,Typ,1,Gd,Detchd,1925.0,Unf,2.0,576.0,TA,2.0,Y,342,0,128,0,0,0,,,,0,6,2008,WD ,Normal,909175100.0,517 HAYWARD AVE,42.01733037,-93.651822,6,2.8000000000000003
2380,535450070,1268,133000,40,RL,60.0,12144,Pave,,Reg,Lvl,AllPub,Inside,Gtl,NAmes,Norm,Norm,1Fam,1Story,5,7,1949,1950,Gable,CompShg,HdBoard,HdBoard,,0.0,Gd,2,CBlock,TA,2.0,No,Rec,375.0,Unf,0.0,457.0,832.0,GasA,Gd,Y,SBrkr,1036,0,232,0.0,0.0,1,0,3,1,TA,6,Typ,1,Gd,Attchd,1949.0,Unf,1.0,288.0,TA,2.0,Y,0,28,0,0,0,0,,,Othr,0,9,2009,WD ,Normal,535450070.0,1511 CARROLL AVE,42.03711556,-93.60909744,6,2.8000000000000003
2387,902401010,1111,116900,50,RM,,5700,Pave,,Reg,Lvl,AllPub,Inside,Gtl,OldTown,Norm,Norm,1Fam,1.5Fin,7,7,1926,1950,Gable,CompShg,Wd Sdng,Wd Sdng,,0.0,TA,2,PConc,TA,2.0,No,Unf,0.0,Unf,0.0,572.0,572.0,GasA,TA,Y,SBrkr,572,539,0,0.0,0.0,1,0,2,1,TA,5,Typ,1,Gd,Detchd,1982.0,Unf,1.0,288.0,TA,2.0,Y,0,0,176,0,0,0,,,,0,8,2008,WD ,Normal,902401010.0,114 E 8TH ST,42.0288313,-93.61014988,6,2.8000000000000003
1067,902205130,960,108500,30,RM,50.0,6000,Pave,,Reg,Lvl,AllPub,Inside,Gtl,OldTown,Norm,Norm,1Fam,1Story,4,4,1920,1950,Hip,CompShg,MetalSd,MetalSd,,0.0,TA,2,PConc,TA,2.0,No,ALQ,250.0,Unf,0.0,710.0,960.0,GasA,Gd,Y,FuseA,960,0,0,0.0,0.0,1,0,2,1,Fa,5,Typ,0,,Detchd,1997.0,Unf,1.0,308.0,TA,2.0,Y,0,0,168,0,0,0,,,,0,7,2007,WD ,Normal,902205130.0,1128 STAFFORD AVE,42.03241014,-93.60769443,6,2.8000000000000003
1910,902110090,1347,143000,20,RM,69.0,5805,Pave,Grvl,Reg,Bnk,AllPub,Inside,Mod,OldTown,Norm,Norm,1Fam,1Story,5,7,1957,1957,Hip,CompShg,MetalSd,MetalSd,,0.0,TA,2,CBlock,TA,2.0,Mn,BLQ,274.0,Rec,1073.0,0.0,1347.0,GasA,Gd,Y,SBrkr,1347,0,0,1.0,1.0,1,0,3,1,Gd,6,Typ,0,,Detchd,1957.0,Unf,2.0,551.0,TA,2.0,Y,0,0,0,0,0,0,,,,0,6,2010,WD ,Normal,902110090.0,513 9TH ST,42.03028302,-93.61732245,6,2.8000000000000003
1885,534476100,1216,135000,20,RL,80.0,9600,Pave,,Reg,Lvl,AllPub,Inside,Gtl,NAmes,Norm,Norm,1Fam,1Story,5,5,1951,1951,Gable,CompShg,HdBoard,HdBoard,Stone,144.0,TA,2,CBlock,TA,2.0,No,ALQ,996.0,Unf,0.0,60.0,1056.0,GasA,Ex,Y,FuseA,1216,0,0,1.0,0.0,1,0,3,1,TA,7,Typ,0,,Attchd,1951.0,RFn,1.0,280.0,TA,2.0,Y,0,0,0,0,0,0,,,,0,5,2006,WD ,Normal,534476100.0,1417 MARSTON AVE,42.03605081,-93.623741,6,2.8000000000000003
1020,909276010,1517,230000,70,RL,,11435,Pave,,IR1,HLS,AllPub,Corner,Mod,Crawfor,Norm,Norm,1Fam,2Story,8,7,1929,1950,Gable,CompShg,BrkFace,Stucco,,0.0,TA,2,PConc,Gd,2.0,No,Unf,0.0,Unf,0.0,792.0,792.0,GasA,Fa,Y,SBrkr,792,725,0,0.0,0.0,1,0,3,1,Gd,7,Typ,2,Gd,Detchd,1931.0,Unf,2.0,400.0,TA,2.0,Y,0,0,0,0,0,0,,,,0,6,2006,WD ,Normal,909276010.0,400 PEARSON AVE,42.018934,-93.642325,6,2.8000000000000003
155,903231050,884,113000,45,RM,51.0,6120,Pave,,Reg,Lvl,AllPub,Inside,Gtl,BrkSide,Norm,Norm,1Fam,1.5Unf,5,7,1939,1950,Gable,CompShg,AsbShng,AsbShng,,0.0,Gd,2,BrkTil,TA,2.0,No,Unf,0.0,Unf,0.0,884.0,884.0,GasA,Ex,Y,SBrkr,884,0,0,0.0,0.0,1,0,2,1,TA,5,Typ,0,,Detchd,1939.0,Unf,1.0,240.0,TA,2.0,Y,0,0,136,0,0,0,,MnPrv,,0,7,2007,WD ,Normal,903231050.0,1113 MARSTON AVE,42.0323832,-93.6236834,6,2.8000000000000003
159,535325340,1005,133500,20,RL,65.0,11050,Pave,,Reg,Lvl,AllPub,Inside,Gtl,NAmes,Norm,Norm,1Fam,1Story,5,5,1956,1956,Hip,CompShg,Wd Sdng,Wd Sdng,,0.0,TA,2,CBlock,TA,2.0,No,LwQ,488.0,Unf,0.0,517.0,1005.0,GasA,Ex,Y,SBrkr,1005,0,0,0.0,0.0,1,0,2,1,TA,6,Typ,1,TA,Attchd,1956.0,Unf,1.0,319.0,TA,2.0,Y,0,0,0,0,288,0,,,,0,7,2006,WD ,Normal,535325340.0,221 16TH ST,42.038378,-93.6127498,6,2.8000000000000003
187,535150210,1098,135000,20,RL,,7390,Pave,,IR1,Lvl,AllPub,Inside,Gtl,NAmes,Norm,Norm,1Fam,1Story,5,7,1955,1955,Hip,CompShg,Wd Sdng,Wd Sdng,BrkFace,151.0,TA,2,CBlock,TA,2.0,No,ALQ,902.0,Unf,0.0,196.0,1098.0,GasA,TA,Y,SBrkr,1098,0,0,1.0,0.0,1,0,3,1,TA,6,Typ,0,,Attchd,1955.0,Unf,1.0,260.0,TA,2.0,Y,0,0,0,0,0,0,,,,0,7,2008,WD ,Normal,535150210.0,2013 CLARK AVE,42.04247938,-93.61697728,6,2.8000000000000003
188,535453160,1040,133700,20,RL,70.0,7560,Pave,,Reg,Lvl,AllPub,Inside,Gtl,NAmes,Norm,Norm,1Fam,1Story,5,5,1959,1959,Gable,CompShg,BrkFace,Wd Sdng,,0.0,TA,2,CBlock,TA,2.0,No,LwQ,369.0,Unf,0.0,671.0,1040.0,GasA,TA,Y,FuseA,1040,0,0,0.0,0.0,1,0,3,1,TA,6,Typ,0,,Attchd,1959.0,RFn,1.0,286.0,TA,2.0,Y,140,0,252,0,0,0,,GdWo,,0,7,2006,WD ,Normal,535453160.0,1426 MAXWELL AVE,42.03614684,-93.60671839,6,2.8000000000000003
189,535353130,924,112500,20,RL,,15783,Pave,,Reg,Lvl,AllPub,Inside,Gtl,OldTown,Artery,Norm,1Fam,1Story,5,5,1952,1952,Gable,CompShg,Wd Sdng,Wd Sdng,,0.0,TA,2,CBlock,TA,2.0,No,Rec,292.0,Unf,0.0,632.0,924.0,GasA,TA,Y,SBrkr,924,0,0,0.0,0.0,1,0,2,1,TA,6,Typ,0,,Detchd,1952.0,Unf,1.0,420.0,TA,2.0,Y,0,324,0,0,0,0,,MnPrv,Shed,400,6,2007,WD ,Normal,535353130.0,625 13TH ST,42.03456289,-93.61907957,6,2.8000000000000003
191,908250090,930,99000,20,RL,68.0,9520,Pave,,Reg,Bnk,AllPub,Inside,Mod,Edwards,Norm,Norm,1Fam,1Story,4,5,1953,1953,Gable,CompShg,MetalSd,MetalSd,Stone,115.0,TA,2,CBlock,Gd,2.0,No,Rec,767.0,Unf,0.0,144.0,911.0,GasA,TA,Y,SBrkr,930,0,0,0.0,0.0,1,0,2,1,TA,5,Typ,0,,Attchd,1953.0,RFn,1.0,286.0,TA,2.0,Y,134,0,0,0,0,0,,MnPrv,Gar2,3000,5,2008,WD ,Normal,908250090.0,3505 COY ST,42.01805245,-93.66655329,6,2.8000000000000003
1453,535455090,1278,127500,50,RL,60.0,7200,Pave,,Reg,Lvl,AllPub,Inside,Gtl,NAmes,Norm,Norm,1Fam,1.5Fin,6,5,1954,1954,Gable,CompShg,MetalSd,MetalSd,,0.0,TA,2,CBlock,TA,2.0,No,Rec,673.0,Unf,0.0,181.0,854.0,GasA,Fa,Y,FuseA,854,424,0,0.0,0.0,1,0,4,1,TA,6,Typ,0,,Attchd,1954.0,Unf,1.0,240.0,TA,2.0,Y,0,0,0,0,0,0,,MnWw,,0,4,2008,WD ,Normal,535455090.0,1312 CARROLL AVE,42.03477902,-93.608867,6,2.8000000000000003
1454,535176070,1244,150000,20,RL,90.0,11988,Pave,,IR1,Lvl,AllPub,Corner,Gtl,NAmes,Feedr,Norm,1Fam,1Story,6,6,1957,1957,Gable,CompShg,VinylSd,VinylSd,,0.0,TA,2,CBlock,TA,2.0,No,Rec,777.0,Unf,0.0,467.0,1244.0,GasA,Ex,Y,FuseA,1244,0,0,0.0,0.0,1,1,3,1,TA,6,Typ,2,Gd,Attchd,1957.0,Unf,1.0,336.0,TA,2.0,Y,0,40,0,0,0,0,,,,0,5,2007,WD ,Normal,535176070.0,2204 DUFF AVE,42.04428257,-93.61316514,6,2.8000000000000003
762,903229040,1118,119900,190,RM,65.0,7800,Pave,,Reg,Lvl,AllPub,Inside,Gtl,OldTown,Artery,Norm,2fmCon,1.5Fin,5,7,1939,1950,Gable,CompShg,MetalSd,MetalSd,,0.0,TA,2,CBlock,Gd,2.0,Mn,Rec,507.0,Unf,0.0,286.0,793.0,GasA,TA,Y,SBrkr,793,325,0,1.0,0.0,1,0,3,1,TA,5,Typ,1,Gd,Detchd,1939.0,Unf,2.0,410.0,TA,2.0,Y,0,0,0,0,271,0,,MnPrv,,0,5,2006,WD ,Normal,903229040.0,1209 GRAND AVE,42.03347219,-93.62047117,6,2.8000000000000003
766,902405120,1480,119000,50,RM,60.0,5400,Pave,,Reg,Lvl,AllPub,Inside,Gtl,OldTown,Norm,Norm,1Fam,1.5Fin,6,6,1920,1950,Gable,CompShg,MetalSd,MetalSd,,0.0,Fa,2,BrkTil,TA,2.0,No,Unf,0.0,Unf,0.0,972.0,972.0,GasA,Ex,Y,SBrkr,1044,0,436,0.0,0.0,1,0,3,1,TA,6,Typ,0,,Detchd,1920.0,Unf,1.0,207.0,Fa,2.0,Y,0,0,176,0,0,0,,,,0,9,2009,ConLI,Family,902405120.0,618 CARROLL AVE,42.02727941,-93.60867481,6,2.8000000000000003
1943,902406020,984,110000,20,RM,65.0,9750,Pave,,Reg,Lvl,AllPub,Inside,Gtl,OldTown,Norm,Norm,1Fam,1Story,5,6,1959,1959,Gable,CompShg,MetalSd,MetalSd,BrkFace,164.0,TA,2,CBlock,TA,2.0,No,Rec,200.0,Unf,0.0,784.0,984.0,GasA,Gd,Y,SBrkr,984,0,0,1.0,0.0,1,0,2,1,Fa,5,Typ,0,,Detchd,1959.0,Unf,1.0,308.0,TA,2.0,N,0,0,0,0,0,0,,,,0,6,2008,WD ,Normal,902406020.0,321 E 6TH ST,42.02712547,-93.60594231,6,2.8000000000000003
1914,910200060,1285,145400,50,RM,50.0,7000,Pave,,Reg,Lvl,AllPub,Inside,Gtl,IDOTRR,Norm,Norm,1Fam,1.5Fin,6,7,1926,1950,Hip,CompShg,MetalSd,MetalSd,,0.0,TA,2,PConc,TA,2.0,No,ALQ,374.0,Unf,0.0,487.0,861.0,GasA,Ex,Y,SBrkr,861,424,0,0.0,1.0,1,0,3,1,TA,6,Typ,0,,Detchd,1950.0,Fin,2.0,506.0,TA,2.0,Y,96,0,132,0,0,0,,MnPrv,,0,5,2006,WD ,Normal,910200060.0,113 S RUSSELL AVE,42.02261582,-93.62844292,6,2.8000000000000003
1442,535302130,1152,137500,20,RL,102.0,9373,Pave,,IR1,Lvl,AllPub,Corner,Gtl,NAmes,Norm,Norm,1Fam,1Story,5,6,1953,1953,Gable,CompShg,MetalSd,MetalSd,BrkFace,84.0,TA,2,CBlock,TA,2.0,No,Rec,500.0,LwQ,196.0,456.0,1152.0,GasA,TA,Y,SBrkr,1152,0,0,0.0,0.0,1,1,3,1,TA,6,Typ,0,,Detchd,1971.0,Unf,2.0,636.0,TA,2.0,Y,0,0,0,0,0,0,,,,0,5,2008,WD ,Normal,535302130.0,1802 CLARK AVE,42.04042164,-93.61705228,6,2.8000000000000003
1095,905479110,1164,125000,190,RL,68.0,10880,Pave,,Reg,Lvl,AllPub,Inside,Gtl,Edwards,Norm,Norm,2fmCon,1Story,5,5,1950,1950,Gable,CompShg,MetalSd,MetalSd,,0.0,TA,2,CBlock,TA,2.0,No,ALQ,1040.0,Unf,0.0,124.0,1164.0,GasW,TA,N,SBrkr,1164,0,0,1.0,0.0,1,0,3,1,TA,5,Typ,0,,Detchd,1950.0,Unf,1.0,240.0,TA,2.0,Y,0,48,0,0,0,0,,,,0,8,2008,ConLD,Normal,905479110.0,108 COLORADO AVE 110,42.02300441,-93.66289102,6,2.8000000000000003
1098,905475160,1089,125000,20,RL,62.0,7440,Pave,,Reg,Lvl,AllPub,Inside,Gtl,Edwards,Norm,Norm,1Fam,1Story,5,6,1954,1954,Gable,CompShg,Wd Sdng,Wd Sdng,,0.0,TA,2,CBlock,Gd,2.0,No,BLQ,173.0,Unf,0.0,916.0,1089.0,GasW,TA,Y,SBrkr,1089,0,0,1.0,0.0,1,0,3,1,TA,5,Typ,1,Gd,Detchd,1954.0,RFn,1.0,252.0,TA,2.0,P,328,0,0,0,0,0,,MnPrv,,0,9,2009,WD ,Normal,905475160.0,3208 WOODLAND ST,42.02631984,-93.66137351,6,2.8000000000000003
1100,905377010,1229,135000,20,RL,,17140,Pave,,Reg,Lvl,AllPub,Inside,Gtl,Edwards,Norm,Norm,1Fam,1Story,4,6,1956,1956,Gable,CompShg,VinylSd,VinylSd,,0.0,TA,2,CBlock,TA,2.0,No,ALQ,1059.0,Unf,0.0,75.0,1134.0,GasA,Ex,Y,FuseA,1229,0,0,0.0,0.0,1,0,3,1,TA,6,Typ,0,,Attchd,1956.0,RFn,1.0,284.0,TA,2.0,Y,0,0,0,0,0,0,,,,0,4,2009,WD ,Normal,905377010.0,121 MCDONALD DR,42.02323952,-93.67102361,6,2.8000000000000003
2471,902406090,1795,131500,50,RM,81.0,12150,Pave,Grvl,Reg,Lvl,AllPub,Inside,Gtl,OldTown,Norm,Norm,1Fam,1.5Fin,5,5,1954,1954,Gable,CompShg,MetalSd,MetalSd,BrkFace,335.0,TA,2,BrkTil,TA,2.0,No,Unf,0.0,Unf,0.0,1050.0,1050.0,GasA,Ex,N,FuseF,1050,745,0,0.0,0.0,2,0,4,1,TA,7,Typ,0,,Attchd,1954.0,Unf,1.0,352.0,Fa,2.0,Y,0,0,0,0,0,0,,,,0,11,2008,WD ,Normal,902406090.0,320 E 7TH ST,42.02796205,-93.60675371,6,2.8000000000000003
2472,535353050,1647,153000,20,RL,75.0,9532,Pave,,Reg,Lvl,AllPub,Inside,Gtl,NAmes,Norm,Norm,1Fam,1Story,4,6,1953,1953,Gable,CompShg,VinylSd,VinylSd,,0.0,TA,2,CBlock,TA,2.0,No,BLQ,595.0,Rec,354.0,156.0,1105.0,GasA,Gd,Y,SBrkr,1647,0,0,1.0,0.0,1,0,3,1,TA,6,Min1,1,Fa,Attchd,1953.0,Fin,1.0,280.0,TA,2.0,Y,225,0,0,0,0,368,TA,GdPrv,,0,2,2007,WD ,Normal,535353050.0,1325 WILSON AVE,42.03488251,-93.61863983,6,2.8000000000000003
213,905452150,1609,149900,50,RL,75.0,9525,Pave,,Reg,Lvl,AllPub,Inside,Gtl,Edwards,Norm,Norm,1Fam,1.5Fin,6,5,1953,1953,Gable,CompShg,MetalSd,MetalSd,,0.0,TA,2,CBlock,TA,2.0,No,LwQ,468.0,Unf,0.0,532.0,1000.0,GasA,TA,Y,SBrkr,1068,541,0,0.0,0.0,1,1,5,1,TA,7,Typ,0,,Attchd,1953.0,Unf,1.0,305.0,Fa,2.0,Y,0,0,0,0,0,0,,,,0,7,2006,WD ,Normal,905452150.0,318 CRANE AVE,42.0258098,-93.66607205,6,2.8000000000000003
1809,902402130,1363,125500,70,RM,60.0,7740,Pave,,Reg,Lvl,AllPub,Inside,Gtl,OldTown,Norm,Norm,1Fam,2Story,4,7,1910,1950,Gable,CompShg,VinylSd,VinylSd,,0.0,TA,2,CBlock,Fa,2.0,No,Unf,0.0,Unf,0.0,622.0,622.0,GasA,Gd,Y,SBrkr,741,622,0,0.0,0.0,1,0,3,1,TA,6,Typ,0,,Detchd,1966.0,Unf,2.0,528.0,TA,2.0,Y,0,0,0,0,168,0,,,,0,6,2010,WD ,Normal,902402130.0,713 CRAWFORD AVE,42.02827238,-93.60727534,6,2.8000000000000003
1784,535152010,1604,135000,90,RL,70.0,8267,Pave,,Reg,Lvl,AllPub,Corner,Gtl,NAmes,Feedr,Norm,Duplex,1Story,5,5,1958,1958,Gable,CompShg,HdBoard,HdBoard,,0.0,TA,2,CBlock,TA,2.0,No,Unf,0.0,Unf,0.0,1604.0,1604.0,GasA,TA,Y,SBrkr,1604,0,0,0.0,0.0,2,0,4,2,TA,8,Typ,0,,Attchd,1958.0,Unf,2.0,576.0,TA,2.0,Y,42,0,0,0,0,0,,,,0,3,2010,WD ,Normal,535152010.0,2317 CLARK AVE,42.0448312,-93.61772852,6,2.8000000000000003
821,535303110,1062,131000,20,RL,53.0,8128,Pave,,IR1,Lvl,AllPub,CulDSac,Gtl,NAmes,Norm,Norm,1Fam,1Story,6,7,1954,1954,Hip,CompShg,MetalSd,MetalSd,BrkFace,80.0,TA,2,CBlock,TA,2.0,No,ALQ,490.0,Unf,0.0,572.0,1062.0,GasA,Gd,Y,SBrkr,1062,0,0,1.0,0.0,1,0,3,1,TA,6,Typ,0,,Attchd,1954.0,Unf,1.0,297.0,TA,2.0,Y,0,0,0,0,0,0,,,,0,2,2009,WD ,Normal,535303110.0,608 DURRELL CIR,42.03966463,-93.61868875,6,2.8000000000000003
824,902207170,792,99500,30,RM,60.0,8520,Pave,,Reg,Lvl,AllPub,Inside,Gtl,OldTown,Norm,Norm,1Fam,1Story,5,8,1923,1950,Gable,CompShg,Stucco,Stucco,,0.0,Gd,2,PConc,Fa,2.0,No,Unf,0.0,Unf,0.0,624.0,624.0,GasA,TA,Y,SBrkr,792,0,0,0.0,0.0,1,0,2,1,TA,5,Typ,0,,Detchd,1963.0,Unf,1.0,287.0,TA,2.0,Y,0,0,81,0,0,0,,GdWo,,0,2,2009,WD ,Normal,902207170.0,911 MAXWELL AVE,42.03030777,-93.60682602,6,2.8000000000000003
834,911226010,894,81000,30,C (all),120.0,18000,Grvl,,Reg,Low,AllPub,Inside,Gtl,IDOTRR,Norm,Norm,1Fam,1Story,3,4,1935,1950,Gable,CompShg,MetalSd,MetalSd,,0.0,Fa,2,CBlock,TA,2.0,No,Unf,0.0,Unf,0.0,894.0,894.0,GasA,TA,Y,SBrkr,894,0,0,0.0,0.0,1,0,2,1,TA,6,Typ,0,,Detchd,1994.0,RFn,3.0,1248.0,TA,2.0,Y,0,20,0,0,0,0,,,Shed,560,8,2008,ConLD,Normal,911226010.0,130 CHERRY AVE,42.02238641,-93.60415459,6,2.8000000000000003
792,910201020,803,87000,45,RM,50.0,5000,Pave,,Reg,Lvl,AllPub,Inside,Gtl,IDOTRR,RRAe,Norm,1Fam,1.5Unf,5,6,1941,1950,Gable,CompShg,MetalSd,MetalSd,,0.0,TA,2,CBlock,TA,2.0,Av,BLQ,116.0,Unf,0.0,604.0,720.0,GasA,Po,N,FuseF,803,0,0,0.0,0.0,1,0,2,1,TA,5,Typ,0,,Detchd,1941.0,Unf,2.0,360.0,TA,2.0,Y,0,0,244,0,0,0,,,,0,12,2007,WD ,Normal,910201020.0,1224 LINCOLN WAY,42.02278729,-93.62725733,6,2.8000000000000003
1898,904350045,919,95000,50,RL,65.0,6001,Pave,,IR1,Bnk,AllPub,Inside,Mod,SWISU,Norm,Norm,1Fam,1.5Fin,6,5,1940,1950,Gable,CompShg,VinylSd,VinylSd,,0.0,TA,2,CBlock,Fa,2.0,No,LwQ,368.0,Unf,0.0,232.0,600.0,GasA,Ex,N,SBrkr,600,319,0,0.0,0.0,1,0,3,1,TA,5,Typ,0,,Detchd,1940.0,Unf,1.0,231.0,TA,2.0,Y,0,0,45,0,0,0,,MnPrv,,0,3,2010,WD ,Normal,904350045.0,3002 WOODLAND ST,42.026007,-93.65855121,6,2.8000000000000003
1899,535454150,1320,138000,50,RL,60.0,8064,Pave,,Reg,Lvl,AllPub,Inside,Gtl,NAmes,Artery,Norm,1Fam,1.5Fin,6,6,1948,1950,Gable,CompShg,Wd Sdng,Wd Sdng,,0.0,TA,2,CBlock,TA,2.0,No,ALQ,315.0,Unf,0.0,453.0,768.0,GasA,Ex,Y,SBrkr,819,501,0,0.0,0.0,2,0,3,1,TA,5,Typ,0,,Detchd,1994.0,Unf,2.0,576.0,TA,2.0,Y,108,0,0,0,0,0,,GdWo,,0,9,2008,WD ,Normal,535454150.0,1322 DUFF AVE,42.03487877,-93.61057217,6,2.8000000000000003
1901,909250080,1242,105000,70,RL,43.0,5707,Pave,,Reg,Bnk,AllPub,Inside,Gtl,SWISU,Feedr,Norm,1Fam,2Story,6,6,1935,1950,Gable,CompShg,Wd Sdng,Wd Sdng,,0.0,TA,2,BrkTil,TA,2.0,No,Unf,0.0,Unf,0.0,583.0,583.0,GasA,Gd,Y,FuseF,647,595,0,0.0,0.0,1,1,3,1,TA,6,Typ,1,Gd,Detchd,1926.0,Unf,1.0,180.0,Fa,2.0,Y,329,96,0,0,0,0,,,,0,3,2009,WD ,Normal,909250080.0,2312 KNAPP ST,42.01908541,-93.64674682,6,2.8000000000000003
1906,905225080,2287,225000,50,RL,81.0,15593,Pave,,Reg,Lvl,AllPub,Corner,Gtl,ClearCr,Norm,Norm,1Fam,1.5Fin,7,4,1953,1953,Gable,CompShg,BrkFace,AsbShng,,0.0,Gd,2,CBlock,TA,2.0,No,BLQ,603.0,Unf,0.0,701.0,1304.0,GasW,TA,Y,SBrkr,1304,983,0,0.0,0.0,2,0,3,1,TA,7,Typ,1,TA,Attchd,1953.0,Fin,2.0,667.0,TA,2.0,Y,0,21,114,0,0,0,,,,0,7,2006,WD ,Normal,905225080.0,3301 ROSS RD,42.032661,-93.662202,6,2.8000000000000003
243,534479320,1268,132000,20,RL,78.0,7800,Pave,,Reg,Lvl,AllPub,Inside,Gtl,NAmes,Norm,Norm,1Fam,1Story,5,6,1954,1954,Gable,CompShg,HdBoard,HdBoard,BrkFace,200.0,TA,2,PConc,TA,2.0,No,LwQ,540.0,Unf,0.0,728.0,1268.0,GasA,Gd,Y,SBrkr,1268,0,0,0.0,0.0,1,0,2,1,TA,7,Typ,1,Gd,Attchd,1954.0,Fin,1.0,244.0,TA,2.0,Y,0,98,0,0,0,0,,,,0,3,2010,WD ,Normal,534479320.0,1526 HARDING AVE,42.03736035,-93.62139681,6,2.8000000000000003
736,535180120,1104,133000,20,RL,75.0,10425,Pave,,Reg,Lvl,AllPub,Inside,Gtl,NAmes,Norm,Norm,1Fam,1Story,5,5,1956,1958,Gable,CompShg,MetalSd,MetalSd,,0.0,TA,2,CBlock,TA,2.0,No,Rec,774.0,Unf,0.0,330.0,1104.0,GasA,Gd,Y,SBrkr,1104,0,0,1.0,0.0,1,0,3,1,TA,5,Typ,0,,Attchd,1956.0,RFn,1.0,384.0,TA,2.0,Y,0,0,0,0,0,0,,,,0,4,2008,WD ,Normal,535180120.0,217 20TH ST,42.04210734,-93.61285386,6,2.8000000000000003
737,534426110,1041,124500,20,RL,80.0,9600,Pave,,Reg,Lvl,AllPub,Corner,Gtl,NAmes,Norm,Norm,1Fam,1Story,5,6,1959,1959,Gable,CompShg,MetalSd,MetalSd,BrkFace,132.0,TA,2,CBlock,TA,2.0,No,ALQ,991.0,Unf,0.0,50.0,1041.0,GasA,Ex,Y,SBrkr,1041,0,0,1.0,0.0,1,0,3,1,TA,6,Typ,0,,Attchd,1959.0,RFn,1.0,270.0,TA,2.0,Y,224,88,0,0,0,0,,MnPrv,,0,7,2009,WD ,Normal,534426110.0,1926 HUNZIKER DR,42.04122445,-93.62456661,6,2.8000000000000003
738,535403150,1194,159500,20,RL,79.0,8910,Pave,,Reg,Lvl,AllPub,Corner,Gtl,NAmes,Norm,Norm,1Fam,1Story,6,6,1959,1959,Hip,CompShg,BrkFace,BrkFace,,0.0,TA,2,CBlock,TA,2.0,Mn,ALQ,655.0,Unf,0.0,0.0,655.0,GasA,Ex,Y,SBrkr,1194,0,0,0.0,1.0,1,0,3,1,TA,6,Typ,1,Fa,BuiltIn,1954.0,Fin,2.0,539.0,TA,2.0,Y,0,0,192,0,0,0,,,,0,7,2006,WD ,Normal,535403150.0,313 E 16TH ST,42.03835063,-93.60764076,6,2.8000000000000003
689,903235100,520,68500,30,RM,60.0,6324,Pave,,IR1,Lvl,AllPub,Inside,Gtl,BrkSide,Feedr,RRNn,1Fam,1Story,4,6,1927,1950,Gable,CompShg,MetalSd,MetalSd,,0.0,TA,2,BrkTil,TA,2.0,No,Unf,0.0,Unf,0.0,520.0,520.0,GasA,Fa,N,SBrkr,520,0,0,0.0,0.0,1,0,1,1,Fa,4,Typ,0,,Detchd,1920.0,Unf,1.0,240.0,Fa,2.0,Y,49,0,87,0,0,0,,,,0,5,2008,WD ,Normal,903235100.0,916 NORTHWESTERN AVE,42.03046517,-93.62447143,6,2.8000000000000003
692,903227080,1158,120000,50,RM,50.0,6000,Pave,,Reg,Lvl,AllPub,Corner,Gtl,BrkSide,Norm,Norm,1Fam,1.5Fin,6,7,1929,1950,Gable,CompShg,WdShing,Wd Shng,,0.0,TA,2,BrkTil,TA,2.0,No,Unf,0.0,Unf,0.0,862.0,862.0,GasA,TA,Y,SBrkr,950,208,0,0.0,0.0,1,0,3,1,TA,5,Typ,1,Gd,BuiltIn,1929.0,RFn,1.0,208.0,TA,2.0,Y,0,0,112,0,0,0,,,,0,7,2008,WD ,Normal,903227080.0,1204 MARSTON AVE,42.03343398,-93.62348343,6,2.8000000000000003
2181,534453140,906,87000,70,RL,50.0,4882,Pave,,IR1,Bnk,AllPub,Inside,Mod,BrkSide,RRAn,Feedr,1Fam,2Story,4,7,1937,1950,Gable,CompShg,MetalSd,MetalSd,,0.0,TA,2,PConc,TA,2.0,No,Rec,120.0,Unf,0.0,228.0,348.0,GasA,TA,Y,SBrkr,453,453,0,0.0,0.0,1,0,2,1,TA,5,Typ,0,,Basment,1937.0,Unf,1.0,231.0,Fa,2.0,Y,0,0,0,0,0,0,,,,0,9,2008,WD ,Normal,534453140.0,1406 RIDGEWOOD AVE,42.03578542,-93.62827711,6,2.8000000000000003
2393,535456020,1150,141000,20,RL,70.0,7945,Pave,,Reg,Lvl,AllPub,Inside,Gtl,NAmes,Norm,Norm,1Fam,1Story,5,6,1959,1959,Gable,CompShg,BrkFace,Wd Sdng,,0.0,TA,2,CBlock,TA,2.0,No,ALQ,179.0,BLQ,506.0,465.0,1150.0,GasA,Ex,Y,FuseA,1150,0,0,1.0,0.0,1,0,3,1,TA,6,Typ,0,,Attchd,1959.0,RFn,1.0,300.0,TA,2.0,Y,0,0,0,0,0,0,,,,0,5,2006,WD ,Normal,535456020.0,1319 MAXWELL AVE,42.03483608,-93.60692624,6,2.8000000000000003
208,909428170,1898,236500,20,RL,56.0,26073,Pave,,IR1,Lvl,AllPub,CulDSac,Gtl,Crawfor,Norm,Norm,1Fam,1Story,5,5,1956,1956,Gable,CompShg,BrkFace,MetalSd,,0.0,TA,2,PConc,TA,2.0,No,Rec,1116.0,Unf,0.0,782.0,1898.0,GasA,Ex,Y,FuseA,1898,0,0,0.0,0.0,2,1,3,1,TA,7,Typ,2,TA,Attchd,1956.0,Unf,2.0,484.0,TA,2.0,Y,0,51,224,0,0,0,,MnPrv,,0,4,2008,WD ,Normal,909428170.0,2117 GREENBRIAR CIR,42.01264838,-93.64039074,6,2.8000000000000003
212,534475185,1505,149500,20,RL,128.0,12160,Pave,,Reg,Lvl,AllPub,Inside,Gtl,NAmes,Feedr,Norm,1Fam,1Story,6,4,1953,1953,Hip,CompShg,Wd Sdng,Wd Sdng,BrkFace,90.0,TA,2,CBlock,TA,2.0,No,BLQ,1024.0,Unf,0.0,481.0,1505.0,GasA,Ex,Y,SBrkr,1505,0,0,1.0,0.0,1,0,2,1,TA,6,Typ,1,TA,Attchd,1953.0,RFn,2.0,505.0,TA,2.0,Y,0,0,0,162,0,0,,,,0,2,2009,WD ,Normal,534475185.0,1306 NORTHWESTERN AVE,42.03475927,-93.62560212,6,2.8000000000000003
2219,903234160,986,102000,30,RM,60.0,6180,Pave,,Reg,Lvl,AllPub,Corner,Gtl,BrkSide,Norm,Norm,1Fam,1Story,6,5,1926,1950,Gable,CompShg,Wd Sdng,Wd Sdng,,0.0,TA,2,BrkTil,TA,2.0,No,Unf,0.0,Unf,0.0,960.0,960.0,GasA,TA,N,SBrkr,986,0,0,0.0,0.0,1,0,2,1,TA,5,Typ,1,Gd,Detchd,1926.0,Unf,1.0,180.0,TA,2.0,Y,0,128,0,0,0,0,,,,0,5,2007,WD ,Normal,903234160.0,717 10TH ST,42.03136278,-93.62060108,6,2.8000000000000003
2437,902202150,1387,93000,190,RM,50.0,6000,Pave,,Reg,Lvl,AllPub,Inside,Gtl,OldTown,Norm,Norm,2fmCon,1.5Fin,5,4,1954,1954,Gable,CompShg,Wd Sdng,Wd Sdng,,0.0,TA,2,CBlock,TA,2.0,No,Unf,0.0,Unf,0.0,811.0,811.0,GasA,TA,Y,FuseA,811,576,0,0.0,0.0,2,0,3,2,Gd,7,Typ,0,,BuiltIn,1954.0,Unf,1.0,256.0,TA,2.0,Y,0,0,0,0,0,0,,,,0,11,2009,WD ,Normal,902202150.0,1228 STAFFORD AVE,42.03363257,-93.60774357,6,2.8000000000000003
1765,909275310,2624,239000,70,RL,86.0,22420,Pave,,IR1,Lvl,AllPub,Inside,Gtl,Crawfor,Feedr,Norm,1Fam,2Story,6,6,1918,1950,Hip,CompShg,Wd Sdng,Stucco,,0.0,TA,2,BrkTil,Gd,2.0,No,BLQ,1128.0,Unf,0.0,242.0,1370.0,GasW,TA,N,FuseA,1370,1254,0,1.0,0.0,2,1,4,1,TA,10,Typ,1,Gd,Detchd,1918.0,Unf,3.0,864.0,TA,2.0,N,0,0,0,0,0,0,,,,0,11,2007,WD ,Normal,909275310.0,320 ASH AVE,42.01990043,-93.64423816,6,2.8000000000000003
746,535325130,1145,127000,80,RL,55.0,7700,Pave,,Reg,Lvl,AllPub,Inside,Gtl,NAmes,Norm,Norm,1Fam,SLvl,5,7,1956,1956,Gable,CompShg,VinylSd,VinylSd,,0.0,TA,2,CBlock,Gd,2.0,No,BLQ,271.0,Unf,0.0,30.0,301.0,GasA,Ex,Y,FuseA,1145,0,0,0.0,0.0,1,0,3,1,TA,6,Min2,0,,Detchd,1993.0,Unf,2.0,684.0,TA,2.0,Y,0,0,0,0,0,0,,GdWo,,0,9,2006,WD ,Normal,535325130.0,209 17TH ST,42.03939308,-93.61263997,6,2.8000000000000003
1929,904101110,1675,173000,20,RL,100.0,15263,Pave,,IR1,Lvl,AllPub,Inside,Gtl,ClearCr,Feedr,Norm,1Fam,1Story,5,5,1959,1959,Gable,CompShg,HdBoard,HdBoard,BrkFace,90.0,TA,2,CBlock,Gd,2.0,No,Rec,766.0,Unf,0.0,656.0,1422.0,GasA,Gd,Y,SBrkr,1675,0,0,0.0,0.0,2,0,3,1,TA,8,Typ,2,Gd,Attchd,1959.0,Unf,1.0,365.0,TA,2.0,Y,0,132,0,0,0,0,,,,0,5,2010,WD ,Normal,904101110.0,1115 HYLAND AVE,42.03239441,-93.65572485,6,2.8000000000000003
1770,909252010,1768,175000,50,RL,60.0,7200,Pave,,Reg,Lvl,AllPub,Corner,Gtl,SWISU,Feedr,Norm,1Fam,1.5Fin,5,7,1937,1950,Gable,CompShg,Wd Sdng,Wd Sdng,BrkFace,252.0,TA,2,BrkTil,Gd,2.0,No,ALQ,569.0,Unf,0.0,162.0,731.0,GasA,Ex,Y,SBrkr,981,787,0,1.0,0.0,1,1,3,1,Gd,7,Typ,2,TA,Detchd,1939.0,Unf,1.0,240.0,TA,2.0,Y,0,0,264,0,0,0,,MnPrv,,0,6,2007,WD ,Normal,909252010.0,2238 KNAPP ST,42.01909747,-93.64515978,6,2.8000000000000003
1073,903458170,1208,103000,30,RM,52.0,6240,Pave,Grvl,Reg,Lvl,AllPub,Inside,Gtl,IDOTRR,Norm,Norm,1Fam,1.5Fin,4,5,1925,1950,Gable,CompShg,MetalSd,MetalSd,,0.0,TA,2,CBlock,TA,2.0,No,BLQ,152.0,Unf,0.0,628.0,780.0,GasA,TA,Y,FuseA,848,0,360,0.0,0.0,1,0,2,1,TA,5,Typ,0,,Detchd,1962.0,Unf,2.0,539.0,TA,2.0,Y,0,23,112,0,0,0,,,,0,1,2009,WD ,Normal,903458170.0,118 N HAZEL AVE,42.02315909,-93.62667988,6,2.8000000000000003
1423,902205090,928,112500,20,RM,50.0,6000,Pave,,Reg,Lvl,AllPub,Inside,Gtl,OldTown,Norm,Norm,1Fam,1Story,5,6,1957,1957,Hip,CompShg,BrkFace,BrkFace,,0.0,TA,2,CBlock,TA,2.0,No,Rec,308.0,Unf,0.0,620.0,928.0,GasA,Gd,Y,FuseA,928,0,0,0.0,0.0,1,0,3,1,TA,5,Typ,0,,Attchd,1957.0,Fin,1.0,288.0,TA,2.0,Y,0,0,0,0,0,0,,,,0,6,2008,WD ,Normal,902205090.0,1106 STAFFORD AVE,42.03220182,-93.60768388,6,2.8000000000000003
1468,535152130,1143,136000,20,RL,,8050,Pave,,IR1,Lvl,AllPub,Inside,Gtl,NAmes,Norm,Norm,1Fam,1Story,5,5,1959,1959,Hip,CompShg,MetalSd,MetalSd,BrkFace,150.0,TA,2,CBlock,TA,2.0,No,BLQ,856.0,Rec,162.0,125.0,1143.0,GasA,TA,Y,SBrkr,1143,0,0,1.0,0.0,1,0,3,1,TA,6,Typ,0,,Attchd,1959.0,RFn,1.0,308.0,TA,2.0,Y,0,0,0,0,0,0,,GdPrv,,0,5,2010,WD ,Normal,535152130.0,2103 CLARK AVE,42.04302518,-93.61714449,6,2.8000000000000003
2363,908275200,768,125000,20,RL,60.0,8172,Pave,,Reg,Lvl,AllPub,Inside,Gtl,Edwards,Norm,Norm,1Fam,1Story,4,5,1955,1955,Gable,CompShg,MetalSd,MetalSd,,0.0,TA,2,CBlock,TA,2.0,No,BLQ,544.0,Unf,0.0,224.0,768.0,GasA,TA,Y,SBrkr,768,0,0,0.0,0.0,1,0,2,1,TA,4,Typ,1,Fa,Detchd,1959.0,Unf,1.0,355.0,TA,2.0,Y,0,0,196,0,0,0,,MnPrv,,0,7,2007,WD ,Normal,908275200.0,403 HILLTOP RD,42.01891323,-93.66349621,6,2.8000000000000003
1500,527276150,864,141000,20,RL,140.0,19138,Pave,,Reg,Lvl,AllPub,Corner,Gtl,Gilbert,Norm,Norm,1Fam,1Story,4,5,1951,1951,Gable,CompShg,VinylSd,VinylSd,,0.0,TA,2,CBlock,TA,2.0,No,LwQ,120.0,Unf,0.0,744.0,864.0,GasA,Ex,Y,SBrkr,864,0,0,0.0,0.0,1,0,2,1,TA,4,Typ,0,,Detchd,1951.0,Unf,2.0,400.0,TA,2.0,Y,0,0,0,0,0,0,,,,0,6,2010,WD ,Normal,527276150.0,917 TOP O HOLLOW RD,42.05675269,-93.62326031,6,2.8000000000000003
128,535403210,1105,135000,20,RL,90.0,10454,Pave,,IR1,Lvl,AllPub,Corner,Gtl,NAmes,Norm,Norm,1Fam,1Story,6,6,1957,1957,Hip,CompShg,Plywood,Plywood,Stone,143.0,TA,2,CBlock,TA,2.0,No,Rec,546.0,Unf,0.0,559.0,1105.0,GasA,Gd,Y,FuseA,1105,0,0,0.0,0.0,1,0,3,1,TA,5,Typ,0,,Detchd,1957.0,Unf,1.0,308.0,TA,2.0,Y,0,0,0,0,0,0,,,,0,4,2009,WD ,Normal,535403210.0,1604 CARROLL AVE,42.0384825,-93.60890513,6,2.8000000000000003
2233,902206270,1798,137000,70,RM,57.0,9639,Pave,,Reg,Lvl,AllPub,Inside,Gtl,OldTown,Artery,Norm,1Fam,2Story,4,8,1900,1950,Gable,CompShg,MetalSd,MetalSd,,0.0,TA,2,PConc,TA,2.0,No,Unf,0.0,Unf,0.0,1075.0,1075.0,GasA,Ex,Y,SBrkr,1156,642,0,0.0,0.0,2,1,4,1,TA,7,Typ,0,,Detchd,1935.0,Unf,2.0,342.0,TA,2.0,N,0,0,160,0,0,0,,MnPrv,,0,5,2007,WD ,Normal,902206270.0,930 DUFF AVE,42.031402,-93.610465,6,2.8000000000000003
2240,903227150,1453,132000,50,RM,53.0,6360,Pave,,Reg,Lvl,AllPub,Corner,Gtl,BrkSide,Feedr,Norm,1Fam,1.5Fin,5,6,1942,1950,Gable,CompShg,MetalSd,MetalSd,Stone,300.0,TA,2,CBlock,TA,2.0,No,Rec,360.0,LwQ,159.0,316.0,835.0,GasA,TA,Y,FuseA,955,498,0,0.0,0.0,1,1,3,1,Gd,7,Min2,2,Fa,Detchd,1942.0,Unf,1.0,240.0,TA,2.0,Y,0,0,35,0,148,0,,,,0,3,2010,WD ,Normal,903227150.0,1230 MARSTON AVE,42.03371335,-93.62349271,6,2.8000000000000003
855,535453100,1183,138000,80,RL,80.0,8000,Pave,,Reg,Lvl,AllPub,Inside,Gtl,NAmes,Norm,Norm,1Fam,SLvl,5,5,1959,1959,Gable,CompShg,BrkFace,Plywood,,0.0,TA,2,CBlock,Gd,2.0,Av,GLQ,433.0,Rec,95.0,0.0,528.0,GasA,TA,Y,SBrkr,1183,0,0,1.0,0.0,1,0,3,1,TA,6,Typ,0,,Attchd,1959.0,RFn,1.0,288.0,TA,2.0,Y,0,0,0,0,0,0,,GdWo,,0,7,2009,WD ,Normal,535453100.0,1411 GLENDALE AVE,42.03581658,-93.60600425,6,2.8000000000000003
858,535455080,832,105500,45,RL,59.0,7227,Pave,,Reg,HLS,AllPub,Corner,Mod,NAmes,Artery,Norm,1Fam,1.5Unf,6,6,1954,1954,Gable,CompShg,MetalSd,MetalSd,,0.0,TA,2,CBlock,TA,2.0,No,Unf,0.0,Unf,0.0,832.0,832.0,GasA,Gd,Y,SBrkr,832,0,0,0.0,0.0,1,0,2,1,Gd,4,Typ,0,,Detchd,1962.0,Unf,2.0,528.0,TA,2.0,Y,0,0,0,0,0,0,,,,0,6,2008,WD ,Normal,535455080.0,201 E 13TH ST,42.034627,-93.608814,6,2.8000000000000003
2256,903233030,1281,132500,50,RM,51.0,6120,Pave,,Reg,Lvl,AllPub,Inside,Gtl,BrkSide,Norm,Norm,1Fam,1.5Fin,5,6,1926,1950,Gable,CompShg,Wd Sdng,Wd Sdng,,0.0,TA,2,BrkTil,TA,2.0,No,ALQ,351.0,Unf,0.0,405.0,756.0,GasA,Gd,Y,FuseA,903,378,0,1.0,0.0,1,0,2,1,Gd,6,Typ,0,,Detchd,1926.0,Unf,2.0,379.0,TA,2.0,Y,25,0,0,0,0,0,,,,0,8,2007,WD ,Normal,903233030.0,1123 HARDING AVE,42.03247648,-93.62154649,6,2.8000000000000003
1509,535302140,950,130000,20,RL,,12774,Pave,,Reg,Lvl,AllPub,Inside,Sev,NAmes,Norm,Norm,1Fam,1Story,5,5,1953,1953,Hip,CompShg,MetalSd,MetalSd,,0.0,TA,2,PConc,TA,2.0,No,BLQ,624.0,LwQ,128.0,232.0,984.0,GasW,TA,N,SBrkr,950,0,0,0.0,0.0,1,0,2,1,TA,5,Typ,0,,Detchd,1953.0,Unf,2.0,400.0,TA,2.0,Y,0,32,0,0,0,0,,GdWo,,0,7,2008,WD ,Normal,535302140.0,1812 CLARK AVE,42.04049987,-93.61705368,6,2.8000000000000003
1424,910205130,1558,152000,50,RM,75.0,13710,Pave,,Reg,Lvl,AllPub,Inside,Gtl,IDOTRR,Norm,Norm,1Fam,1.5Fin,5,5,1950,1950,Gable,CompShg,Wd Sdng,Wd Sdng,,0.0,TA,2,CBlock,TA,2.0,No,BLQ,420.0,Unf,0.0,490.0,910.0,GasA,TA,Y,FuseA,910,648,0,0.0,0.0,1,1,4,1,TA,6,Typ,0,,Attchd,1950.0,Unf,1.0,282.0,TA,2.0,Y,289,0,0,0,0,0,,MnPrv,,0,6,2007,WD ,Normal,910205130.0,210 S HAZEL AVE,42.02139874,-93.62665305,6,2.8000000000000003
